date,active_total,active_symptomatic,active_asymptomatic,new_cases,cumulative_cases,year,month,week,day_of_year,active_per_new_case
2012-01-01,4252,3867,385,9,4277,2012,1,52,1,425.2
2012-01-02,4257,3866,391,8,4285,2012,1,1,2,473.0
2012-01-03,4247,3858,389,2,4287,2012,1,1,3,1415.6666666666667
2012-01-04,4240,3854,386,3,4290,2012,1,1,4,1060.0
2012-01-05,4227,3841,386,0,4290,2012,1,1,5,4227.0
2012-01-06,4197,3819,378,3,4293,2012,1,1,6,1049.25
2012-01-07,4167,3796,371,6,4299,2012,1,1,7,595.2857142857143
2012-01-08,4147,3774,373,10,4309,2012,1,1,8,377.0
2012-01-09,4122,3754,368,5,4314,2012,1,2,9,687.0
2012-01-10,4123,3752,371,8,4322,2012,1,2,10,458.1111111111111
2012-01-11,4067,3702,365,5,4327,2012,1,2,11,677.8333333333334
2012-01-12,4013,3656,357,4,4331,2012,1,2,12,802.6
2012-01-13,3985,3632,353,39,4370,2012,1,2,13,99.625
2012-01-14,3974,3623,351,45,4415,2012,1,2,14,86.3913043478261
2012-01-15,3943,3592,351,53,4468,2012,1,2,15,73.01851851851852
2012-01-16,3904,3546,358,53,4521,2012,1,3,16,72.29629629629629
2012-01-17,3826,3468,358,44,4565,2012,1,3,17,85.02222222222223
2012-01-18,3739,3384,355,32,4597,2012,1,3,18,113.3030303030303
2012-01-19,3694,3348,346,36,4633,2012,1,3,19,99.83783783783784
2012-01-20,3665,3327,338,48,4681,2012,1,3,20,74.79591836734694
2012-01-21,3629,3297,332,49,4730,2012,1,3,21,72.58
2012-01-22,3587,3254,333,40,4770,2012,1,3,22,87.48780487804878
2012-01-23,3542,3205,337,45,4815,2012,1,4,23,77.0
2012-01-24,3515,3186,329,41,4856,2012,1,4,24,83.69047619047619
2012-01-25,3493,3172,321,37,4893,2012,1,4,25,91.92105263157895
2012-01-26,3488,3174,314,38,4931,2012,1,4,26,89.43589743589743
2012-01-27,3506,3194,312,32,4963,2012,1,4,27,106.24242424242425
2012-01-28,3528,3217,311,28,4991,2012,1,4,28,121.65517241379311
2012-01-29,3566,3259,307,48,5039,2012,1,4,29,72.77551020408163
2012-01-30,3586,3277,309,26,5065,2012,1,5,30,132.8148148148148
2012-01-31,3593,3285,308,17,5082,2012,1,5,31,199.61111111111111
2012-02-01,3606,3292,314,17,5099,2012,2,5,32,200.33333333333334
2012-02-02,3622,3306,316,18,5117,2012,2,5,33,190.6315789473684
2012-02-03,3631,3313,318,12,5129,2012,2,5,34,279.3076923076923
2012-02-04,3618,3299,319,11,5140,2012,2,5,35,301.5
2012-02-05,3623,3307,316,18,5158,2012,2,5,36,190.68421052631578
2012-02-06,3557,3240,317,2,5160,2012,2,6,37,1185.6666666666667
2012-02-07,3535,3219,316,20,5180,2012,2,6,38,168.33333333333334
2012-02-08,3540,3223,317,15,5195,2012,2,6,39,221.25
2012-02-09,3559,3239,320,21,5216,2012,2,6,40,161.77272727272728
2012-02-10,3530,3211,319,11,5227,2012,2,6,41,294.1666666666667
2012-02-11,3482,3166,316,2,5229,2012,2,6,42,1160.6666666666667
2012-02-12,3437,3121,316,11,5240,2012,2,6,43,286.4166666666667
2012-02-13,3438,3118,320,44,5284,2012,2,7,44,76.4
2012-02-14,3415,3097,318,23,5307,2012,2,7,45,142.29166666666666
2012-02-15,3379,3061,318,23,5330,2012,2,7,46,140.79166666666666
2012-02-16,3348,3047,301,26,5356,2012,2,7,47,124.0
2012-02-17,3314,3023,291,20,5376,2012,2,7,48,157.8095238095238
2012-02-18,3295,3004,291,26,5402,2012,2,7,49,122.03703703703704
2012-02-19,3267,2976,291,17,5419,2012,2,7,50,181.5
2012-02-20,3235,2943,292,34,5453,2012,2,8,51,92.42857142857143
2012-02-21,3202,2907,295,21,5474,2012,2,8,52,145.54545454545453
2012-02-22,3180,2884,296,25,5499,2012,2,8,53,122.3076923076923
2012-02-23,3176,2881,295,34,5533,2012,2,8,54,90.74285714285715
2012-02-24,3160,2868,292,32,5565,2012,2,8,55,95.75757575757575
2012-02-25,3167,2875,292,42,5607,2012,2,8,56,73.65116279069767
2012-02-26,3180,2888,292,28,5635,2012,2,8,57,109.65517241379311
2012-02-27,3191,2895,296,29,5664,2012,2,9,58,106.36666666666666
2012-02-28,3204,2905,299,18,5682,2012,2,9,59,168.6315789473684
2012-02-29,3197,2901,296,10,5692,2012,2,9,60,290.6363636363636
2012-03-01,3197,2901,296,7,5699,2012,3,9,61,399.625
2012-03-02,3194,2897,297,7,5706,2012,3,9,62,399.25
2012-03-03,3190,2892,298,6,5712,2012,3,9,63,455.7142857142857
2012-03-04,3175,2883,292,5,5717,2012,3,9,64,529.1666666666666
2012-03-05,3179,2886,293,7,5724,2012,3,10,65,397.375
2012-03-06,3142,2854,288,3,5727,2012,3,10,66,785.5
2012-03-07,3132,2849,283,12,5739,2012,3,10,67,240.92307692307693
2012-03-08,3122,2834,288,9,5748,2012,3,10,68,312.2
2012-03-09,3095,2808,287,13,5761,2012,3,10,69,221.07142857142858
2012-03-10,3060,2771,289,11,5772,2012,3,10,70,255.0
2012-03-11,3042,2753,289,0,5772,2012,3,10,71,3042.0
2012-03-12,3010,2717,293,13,5785,2012,3,11,72,215.0
2012-03-13,2981,2687,294,26,5811,2012,3,11,73,110.4074074074074
2012-03-14,2954,2659,295,29,5840,2012,3,11,74,98.46666666666667
2012-03-15,2916,2625,291,18,5858,2012,3,11,75,153.47368421052633
2012-03-16,2909,2618,291,35,5893,2012,3,11,76,80.80555555555556
2012-03-17,2886,2598,288,28,5921,2012,3,11,77,99.51724137931035
2012-03-18,2872,2584,288,28,5949,2012,3,11,78,99.03448275862068
2012-03-19,2845,2551,294,37,5986,2012,3,12,79,74.86842105263158
2012-03-20,2809,2522,287,31,6017,2012,3,12,80,87.78125
2012-03-21,2775,2495,280,23,6040,2012,3,12,81,115.625
2012-03-22,2745,2473,272,14,6054,2012,3,12,82,183.0
2012-03-23,2718,2447,271,21,6075,2012,3,12,83,123.54545454545455
2012-03-24,2704,2433,271,26,6101,2012,3,12,84,100.14814814814815
2012-03-25,2683,2413,270,36,6137,2012,3,12,85,72.51351351351352
2012-03-26,2665,2394,271,21,6158,2012,3,13,86,121.13636363636364
2012-03-27,2645,2377,268,16,6174,2012,3,13,87,155.58823529411765
2012-03-28,2642,2381,261,15,6189,2012,3,13,88,165.125
2012-03-29,2650,2391,259,17,6206,2012,3,13,89,147.22222222222223
2012-03-30,2666,2406,260,19,6225,2012,3,13,90,133.3
2012-03-31,2674,2414,260,10,6235,2012,3,13,91,243.0909090909091
2012-04-01,2692,2426,266,18,6253,2012,4,13,92,141.68421052631578
2012-04-02,2690,2427,263,4,6257,2012,4,14,93,538.0
2012-04-03,2691,2432,259,6,6263,2012,4,14,94,384.42857142857144
2012-04-04,2701,2438,263,10,6273,2012,4,14,95,245.54545454545453
2012-04-05,2696,2440,256,6,6279,2012,4,14,96,385.14285714285717
2012-04-06,2698,2445,253,12,6291,2012,4,14,97,207.53846153846155
2012-04-07,2697,2446,251,16,6307,2012,4,14,98,158.64705882352942
2012-04-08,2697,2444,253,4,6311,2012,4,14,99,539.4
2012-04-09,2680,2423,257,21,6332,2012,4,15,100,121.81818181818181
2012-04-10,2647,2396,251,10,6342,2012,4,15,101,240.63636363636363
2012-04-11,2622,2376,246,11,6353,2012,4,15,102,218.5
2012-04-12,2605,2361,244,10,6363,2012,4,15,103,236.8181818181818
2012-04-13,2590,2348,242,14,6377,2012,4,15,104,172.66666666666666
2012-04-14,2576,2335,241,19,6396,2012,4,15,105,128.8
2012-04-15,2575,2334,241,20,6416,2012,4,15,106,122.61904761904762
2012-04-16,2549,2307,242,27,6443,2012,4,16,107,91.03571428571429
2012-04-17,2535,2296,239,28,6471,2012,4,16,108,87.41379310344827
2012-04-18,2513,2272,241,17,6488,2012,4,16,109,139.61111111111111
2012-04-19,2520,2278,242,37,6525,2012,4,16,110,66.3157894736842
2012-04-20,2522,2281,241,30,6555,2012,4,16,111,81.35483870967742
2012-04-21,2516,2276,240,21,6576,2012,4,16,112,114.36363636363636
2012-04-22,2510,2269,241,26,6602,2012,4,16,113,92.96296296296296
2012-04-23,2495,2253,242,26,6628,2012,4,17,114,92.4074074074074
2012-04-24,2479,2240,239,26,6654,2012,4,17,115,91.81481481481481
2012-04-25,2470,2233,237,32,6686,2012,4,17,116,74.84848484848484
2012-04-26,2465,2228,237,16,6702,2012,4,17,117,145.0
2012-04-27,2459,2221,238,10,6712,2012,4,17,118,223.54545454545453
2012-04-28,2463,2226,237,14,6726,2012,4,17,119,164.2
2012-04-29,2471,2234,237,13,6739,2012,4,17,120,176.5
2012-04-30,2467,2229,238,5,6744,2012,4,18,121,411.1666666666667
2012-05-01,2466,2233,233,7,6751,2012,5,18,122,308.25
2012-05-02,2470,2239,231,6,6757,2012,5,18,123,352.85714285714283
2012-05-03,2476,2244,232,9,6766,2012,5,18,124,247.6
2012-05-04,2482,2249,233,6,6772,2012,5,18,125,354.57142857142856
2012-05-05,2479,2248,231,0,6772,2012,5,18,126,2479.0
2012-05-06,2479,2243,236,6,6778,2012,5,18,127,354.14285714285717
2012-05-07,2472,2237,235,3,6781,2012,5,19,128,618.0
2012-05-08,2469,2233,236,2,6783,2012,5,19,129,823.0
2012-05-09,2464,2230,234,3,6786,2012,5,19,130,616.0
2012-05-10,2460,2227,233,1,6787,2012,5,19,131,1230.0
2012-05-11,2460,2225,235,4,6791,2012,5,19,132,492.0
2012-05-12,2427,2191,236,6,6797,2012,5,19,133,346.7142857142857
2012-05-13,2419,2183,236,37,6834,2012,5,19,134,63.6578947368421
2012-05-14,2397,2161,236,31,6865,2012,5,20,135,74.90625
2012-05-15,2369,2136,233,25,6890,2012,5,20,136,91.11538461538461
2012-05-16,2346,2117,229,21,6911,2012,5,20,137,106.63636363636364
2012-05-17,2335,2104,231,21,6932,2012,5,20,138,106.13636363636364
2012-05-18,2325,2094,231,26,6958,2012,5,20,139,86.11111111111111
2012-05-19,2300,2070,230,23,6981,2012,5,20,140,95.83333333333333
2012-05-20,2293,2063,230,42,7023,2012,5,20,141,53.325581395348834
2012-05-21,2287,2057,230,34,7057,2012,5,21,142,65.34285714285714
2012-05-22,2271,2043,228,29,7086,2012,5,21,143,75.7
2012-05-23,2252,2022,230,22,7108,2012,5,21,144,97.91304347826087
2012-05-24,2235,2005,230,20,7128,2012,5,21,145,106.42857142857143
2012-05-25,2220,1987,233,23,7151,2012,5,21,146,92.5
2012-05-26,2212,1980,232,24,7175,2012,5,21,147,88.48
2012-05-27,2214,1982,232,30,7205,2012,5,21,148,71.41935483870968
2012-05-28,2195,1956,239,29,7234,2012,5,22,149,73.16666666666667
2012-05-29,2185,1950,235,16,7250,2012,5,22,150,128.52941176470588
2012-05-30,2186,1953,233,18,7268,2012,5,22,151,115.05263157894737
2012-05-31,2177,1948,229,8,7276,2012,5,22,152,241.88888888888889
2012-06-01,2171,1944,227,12,7288,2012,6,22,153,167.0
2012-06-02,2178,1948,230,19,7307,2012,6,22,154,108.9
2012-06-03,2180,1946,234,13,7320,2012,6,22,155,155.71428571428572
2012-06-04,2165,1933,232,3,7323,2012,6,23,156,541.25
2012-06-05,2169,1936,233,6,7329,2012,6,23,157,309.85714285714283
2012-06-06,2155,1924,231,6,7335,2012,6,23,158,307.85714285714283
2012-06-07,2152,1921,231,12,7347,2012,6,23,159,165.53846153846155
2012-06-08,2144,1914,230,13,7360,2012,6,23,160,153.14285714285714
2012-06-09,2137,1907,230,4,7364,2012,6,23,161,427.4
2012-06-10,2140,1910,230,5,7369,2012,6,23,162,356.6666666666667
2012-06-11,2150,1912,238,21,7390,2012,6,24,163,97.72727272727273
2012-06-12,2114,1878,236,8,7398,2012,6,24,164,234.88888888888889
2012-06-13,2111,1877,234,20,7418,2012,6,24,165,100.52380952380952
2012-06-14,2105,1871,234,17,7435,2012,6,24,166,116.94444444444444
2012-06-15,2113,1874,239,34,7469,2012,6,24,167,60.371428571428574
2012-06-16,2126,1885,241,33,7502,2012,6,24,168,62.529411764705884
2012-06-17,2136,1891,245,36,7538,2012,6,24,169,57.729729729729726
2012-06-18,2145,1896,249,26,7564,2012,6,25,170,79.44444444444444
2012-06-19,2148,1894,254,37,7601,2012,6,25,171,56.526315789473685
2012-06-20,2164,1908,256,37,7638,2012,6,25,172,56.94736842105263
2012-06-21,2175,1919,256,36,7674,2012,6,25,173,58.78378378378378
2012-06-22,2173,1917,256,32,7706,2012,6,25,174,65.84848484848484
2012-06-23,2191,1935,256,50,7756,2012,6,25,175,42.96078431372549
2012-06-24,2193,1936,257,44,7800,2012,6,25,176,48.733333333333334
2012-06-25,2219,1960,259,54,7854,2012,6,26,177,40.345454545454544
2012-06-26,2223,1965,258,33,7887,2012,6,26,178,65.38235294117646
2012-06-27,2232,1977,255,27,7914,2012,6,26,179,79.71428571428571
2012-06-28,2244,1987,257,22,7936,2012,6,26,180,97.56521739130434
2012-06-29,2250,1992,258,13,7949,2012,6,26,181,160.71428571428572
2012-06-30,2246,1993,253,3,7952,2012,6,26,182,561.5
2012-07-01,2243,1991,252,3,7955,2012,7,26,183,560.75
2012-07-02,2249,1994,255,11,7966,2012,7,27,184,187.41666666666666
2012-07-03,2245,1990,255,3,7969,2012,7,27,185,561.25
2012-07-04,2242,1988,254,0,7969,2012,7,27,186,2242.0
2012-07-05,2235,1984,251,5,7974,2012,7,27,187,372.5
2012-07-06,2233,1986,247,7,7981,2012,7,27,188,279.125
2012-07-07,2224,1982,242,4,7985,2012,7,27,189,444.8
2012-07-08,2221,1981,240,8,7993,2012,7,27,190,246.77777777777777
2012-07-09,2227,1984,243,6,7999,2012,7,28,191,318.14285714285717
2012-07-10,2214,1975,239,0,7999,2012,7,28,192,2214.0
2012-07-11,2195,1956,239,7,8006,2012,7,28,193,274.375
2012-07-12,2170,1931,239,4,8010,2012,7,28,194,434.0
2012-07-13,2191,1952,239,39,8049,2012,7,28,195,54.775
2012-07-14,2181,1943,238,25,8074,2012,7,28,196,83.88461538461539
2012-07-15,2202,1964,238,49,8123,2012,7,28,197,44.04
2012-07-16,2223,1985,238,49,8172,2012,7,29,198,44.46
2012-07-17,2223,1988,235,37,8209,2012,7,29,199,58.5
2012-07-18,2239,2001,238,47,8256,2012,7,29,200,46.645833333333336
2012-07-19,2255,2015,240,39,8295,2012,7,29,201,56.375
2012-07-20,2298,2058,240,57,8352,2012,7,29,202,39.62068965517241
2012-07-21,2317,2078,239,40,8392,2012,7,29,203,56.51219512195122
2012-07-22,2325,2086,239,34,8426,2012,7,29,204,66.42857142857143
2012-07-23,2337,2096,241,48,8474,2012,7,30,205,47.69387755102041
2012-07-24,2353,2113,240,37,8511,2012,7,30,206,61.921052631578945
2012-07-25,2373,2133,240,36,8547,2012,7,30,207,64.13513513513513
2012-07-26,2394,2153,241,36,8583,2012,7,30,208,64.70270270270271
2012-07-27,2422,2182,240,45,8628,2012,7,30,209,52.65217391304348
2012-07-28,2428,2190,238,25,8653,2012,7,30,210,93.38461538461539
2012-07-29,2447,2209,238,29,8682,2012,7,30,211,81.56666666666666
2012-07-30,2456,2220,236,27,8709,2012,7,31,212,87.71428571428571
2012-07-31,2463,2226,237,11,8720,2012,7,31,213,205.25
2012-08-01,2460,2223,237,3,8723,2012,8,31,214,615.0
2012-08-02,2461,2222,239,11,8734,2012,8,31,215,205.08333333333334
2012-08-03,2461,2219,242,6,8740,2012,8,31,216,351.57142857142856
2012-08-04,2457,2213,244,8,8748,2012,8,31,217,273.0
2012-08-05,2447,2205,242,6,8754,2012,8,31,218,349.57142857142856
2012-08-06,2443,2203,240,0,8754,2012,8,32,219,2443.0
2012-08-07,2430,2194,236,8,8762,2012,8,32,220,270.0
2012-08-08,2436,2195,241,16,8778,2012,8,32,221,143.2941176470588
2012-08-09,2431,2191,240,6,8784,2012,8,32,222,347.2857142857143
2012-08-10,2432,2192,240,11,8795,2012,8,32,223,202.66666666666666
2012-08-11,2419,2179,240,1,8796,2012,8,32,224,1209.5
2012-08-12,2400,2160,240,0,8796,2012,8,32,225,2400.0
2012-08-13,2432,2190,242,52,8848,2012,8,33,226,45.886792452830186
2012-08-14,2442,2196,246,37,8885,2012,8,33,227,64.26315789473684
2012-08-15,2453,2204,249,39,8924,2012,8,33,228,61.325
2012-08-16,2481,2231,250,45,8969,2012,8,33,229,53.93478260869565
2012-08-17,2479,2226,253,35,9004,2012,8,33,230,68.86111111111111
2012-08-18,2476,2223,253,27,9031,2012,8,33,231,88.42857142857143
2012-08-19,2491,2239,252,36,9067,2012,8,33,232,67.32432432432432
2012-08-20,2519,2263,256,54,9121,2012,8,34,233,45.8
2012-08-21,2518,2261,257,25,9146,2012,8,34,234,96.84615384615384
2012-08-22,2526,2267,259,34,9180,2012,8,34,235,72.17142857142858
2012-08-23,2516,2260,256,22,9202,2012,8,34,236,109.3913043478261
2012-08-24,2527,2272,255,27,9229,2012,8,34,237,90.25
2012-08-25,2563,2310,253,46,9275,2012,8,34,238,54.53191489361702
2012-08-26,2584,2331,253,35,9310,2012,8,34,239,71.77777777777777
2012-08-27,2613,2357,256,42,9352,2012,8,35,240,60.76744186046512
2012-08-28,2648,2386,262,40,9392,2012,8,35,241,64.58536585365853
2012-08-29,2664,2400,264,23,9415,2012,8,35,242,111.0
2012-08-30,2673,2407,266,15,9430,2012,8,35,243,167.0625
2012-08-31,2670,2402,268,6,9436,2012,8,35,244,381.42857142857144
2012-09-01,2684,2410,274,20,9456,2012,9,35,245,127.80952380952381
2012-09-02,2696,2419,277,12,9468,2012,9,35,246,207.3846153846154
2012-09-03,2700,2428,272,10,9478,2012,9,36,247,245.45454545454547
2012-09-04,2707,2432,275,10,9488,2012,9,36,248,246.0909090909091
2012-09-05,2712,2438,274,7,9495,2012,9,36,249,339.0
2012-09-06,2713,2440,273,4,9499,2012,9,36,250,542.6
2012-09-07,2739,2464,275,27,9526,2012,9,36,251,97.82142857142857
2012-09-08,2770,2491,279,35,9561,2012,9,36,252,76.94444444444444
2012-09-09,2794,2519,275,30,9591,2012,9,36,253,90.12903225806451
2012-09-10,2777,2497,280,20,9611,2012,9,37,254,132.23809523809524
2012-09-11,2751,2470,281,5,9616,2012,9,37,255,458.5
2012-09-12,2735,2458,277,9,9625,2012,9,37,256,273.5
2012-09-13,2757,2482,275,43,9668,2012,9,37,257,62.65909090909091
2012-09-14,2773,2500,273,37,9705,2012,9,37,258,72.97368421052632
2012-09-15,2789,2517,272,42,9747,2012,9,37,259,64.86046511627907
2012-09-16,2808,2535,273,42,9789,2012,9,37,260,65.30232558139535
2012-09-17,2816,2537,279,50,9839,2012,9,38,261,55.21568627450981
2012-09-18,2829,2548,281,47,9886,2012,9,38,262,58.9375
2012-09-19,2843,2564,279,43,9929,2012,9,38,263,64.61363636363636
2012-09-20,2877,2601,276,56,9985,2012,9,38,264,50.473684210526315
2012-09-21,2915,2640,275,58,10043,2012,9,38,265,49.40677966101695
2012-09-22,2959,2688,271,67,10110,2012,9,38,266,43.51470588235294
2012-09-23,3001,2729,272,66,10176,2012,9,38,267,44.791044776119406
2012-09-24,3034,2762,272,63,10239,2012,9,39,268,47.40625
2012-09-25,3059,2790,269,54,10293,2012,9,39,269,55.61818181818182
2012-09-26,3090,2814,276,47,10340,2012,9,39,270,64.375
2012-09-27,3109,2828,281,37,10377,2012,9,39,271,81.8157894736842
2012-09-28,3123,2839,284,22,10399,2012,9,39,272,135.7826086956522
2012-09-29,3134,2852,282,23,10422,2012,9,39,273,130.58333333333334
2012-09-30,3123,2847,276,8,10430,2012,9,39,274,347.0
2012-10-01,3123,2847,276,13,10443,2012,10,40,275,223.07142857142858
2012-10-02,3123,2845,278,3,10446,2012,10,40,276,780.75
2012-10-03,3117,2841,276,0,10446,2012,10,40,277,3117.0
2012-10-04,3115,2839,276,4,10450,2012,10,40,278,623.0
2012-10-05,3111,2834,277,8,10458,2012,10,40,279,345.6666666666667
2012-10-06,3103,2827,276,5,10463,2012,10,40,280,517.1666666666666
2012-10-07,3111,2831,280,12,10475,2012,10,40,281,239.30769230769232
2012-10-08,3113,2831,282,7,10482,2012,10,41,282,389.125
2012-10-09,3138,2861,277,46,10528,2012,10,41,283,66.76595744680851
2012-10-10,3150,2874,276,20,10548,2012,10,41,284,150.0
2012-10-11,3130,2856,274,0,10548,2012,10,41,285,3130.0
2012-10-12,3116,2843,273,3,10551,2012,10,41,286,779.0
2012-10-13,3107,2838,269,25,10576,2012,10,41,287,119.5
2012-10-14,3111,2845,266,37,10613,2012,10,41,288,81.86842105263158
2012-10-15,3113,2845,268,38,10651,2012,10,42,289,79.82051282051282
2012-10-16,3112,2844,268,25,10676,2012,10,42,290,119.6923076923077
2012-10-17,3099,2828,271,24,10700,2012,10,42,291,123.96
2012-10-18,3081,2812,269,19,10719,2012,10,42,292,154.05
2012-10-19,3071,2799,272,26,10745,2012,10,42,293,113.74074074074075
2012-10-20,3071,2802,269,32,10777,2012,10,42,294,93.06060606060606
2012-10-21,3053,2785,268,32,10809,2012,10,42,295,92.51515151515152
2012-10-22,3042,2765,277,33,10842,2012,10,43,296,89.47058823529412
2012-10-23,3018,2738,280,30,10872,2012,10,43,297,97.35483870967742
2012-10-24,3039,2759,280,54,10926,2012,10,43,298,55.25454545454546
2012-10-25,3043,2763,280,31,10957,2012,10,43,299,95.09375
2012-10-26,3055,2775,280,34,10991,2012,10,43,300,87.28571428571429
2012-10-27,3072,2796,276,30,11021,2012,10,43,301,99.09677419354838
2012-10-28,3093,2817,276,24,11045,2012,10,43,302,123.72
2012-10-29,3110,2831,279,20,11065,2012,10,44,303,148.0952380952381
2012-10-30,3111,2834,277,12,11077,2012,10,44,304,239.30769230769232
2012-10-31,3110,2834,276,2,11079,2012,10,44,305,1036.6666666666667
2012-11-01,3127,2848,279,17,11096,2012,11,44,306,173.72222222222223
2012-11-02,3125,2848,277,3,11099,2012,11,44,307,781.25
2012-11-03,3126,2850,276,8,11107,2012,11,44,308,347.3333333333333
2012-11-04,3127,2849,278,5,11112,2012,11,44,309,521.1666666666666
2012-11-05,3129,2851,278,10,11122,2012,11,45,310,284.45454545454544
2012-11-06,3134,2858,276,11,11133,2012,11,45,311,261.1666666666667
2012-11-07,3150,2870,280,16,11149,2012,11,45,312,185.2941176470588
2012-11-08,3147,2871,276,4,11153,2012,11,45,313,629.4
2012-11-09,3153,2875,278,10,11163,2012,11,45,314,286.6363636363636
2012-11-10,3137,2856,281,23,11186,2012,11,45,315,130.70833333333334
2012-11-11,3137,2856,281,25,11211,2012,11,45,316,120.65384615384616
2012-11-12,3097,2814,283,9,11220,2012,11,46,317,309.7
2012-11-13,3079,2789,290,31,11251,2012,11,46,318,96.21875
2012-11-14,3077,2787,290,35,11286,2012,11,46,319,85.47222222222223
2012-11-15,3051,2764,287,21,11307,2012,11,46,320,138.6818181818182
2012-11-16,3034,2748,286,22,11329,2012,11,46,321,131.91304347826087
2012-11-17,3004,2717,287,27,11356,2012,11,46,322,107.28571428571429
2012-11-18,2990,2704,286,26,11382,2012,11,46,323,110.74074074074075
2012-11-19,2981,2693,288,25,11407,2012,11,47,324,114.65384615384616
2012-11-20,2964,2677,287,31,11438,2012,11,47,325,92.625
2012-11-21,2955,2666,289,28,11466,2012,11,47,326,101.89655172413794
2012-11-22,2943,2654,289,24,11490,2012,11,47,327,117.72
2012-11-23,2931,2639,292,24,11514,2012,11,47,328,117.24
2012-11-24,2906,2614,292,20,11534,2012,11,47,329,138.38095238095238
2012-11-25,2903,2612,291,22,11556,2012,11,47,330,126.21739130434783
2012-11-26,2898,2606,292,24,11580,2012,11,48,331,115.92
2012-11-27,2890,2600,290,19,11599,2012,11,48,332,144.5
2012-11-28,2888,2601,287,9,11608,2012,11,48,333,288.8
2012-11-29,2890,2599,291,5,11613,2012,11,48,334,481.6666666666667
2012-11-30,2883,2595,288,4,11617,2012,11,48,335,576.6
2012-12-01,2889,2601,288,12,11629,2012,12,48,336,222.23076923076923
2012-12-02,2881,2595,286,0,11629,2012,12,48,337,2881.0
2012-12-03,2884,2598,286,9,11638,2012,12,49,338,288.4
2012-12-04,2887,2600,287,3,11641,2012,12,49,339,721.75
2012-12-05,2879,2592,287,0,11641,2012,12,49,340,2879.0
2012-12-06,2869,2584,285,6,11647,2012,12,49,341,409.85714285714283
2012-12-07,2879,2591,288,16,11663,2012,12,49,342,169.35294117647058
2012-12-08,2870,2584,286,2,11665,2012,12,49,343,956.6666666666666
2012-12-09,2880,2591,289,11,11676,2012,12,49,344,240.0
2012-12-10,2884,2594,290,4,11680,2012,12,50,345,576.8
2012-12-11,2863,2574,289,31,11711,2012,12,50,346,89.46875
2012-12-12,2842,2559,283,16,11727,2012,12,50,347,167.1764705882353
2012-12-13,2826,2546,280,23,11750,2012,12,50,348,117.75
2012-12-14,2798,2522,276,17,11767,2012,12,50,349,155.44444444444446
2012-12-15,2798,2527,271,35,11802,2012,12,50,350,77.72222222222223
2012-12-16,2793,2521,272,22,11824,2012,12,50,351,121.43478260869566
2012-12-17,2777,2500,277,20,11844,2012,12,51,352,132.23809523809524
2012-12-18,2740,2465,275,17,11861,2012,12,51,353,152.22222222222223
2012-12-19,2735,2460,275,20,11881,2012,12,51,354,130.23809523809524
2012-12-20,2725,2450,275,24,11905,2012,12,51,355,109.0
2012-12-21,2717,2441,276,14,11919,2012,12,51,356,181.13333333333333
2012-12-22,2709,2435,274,19,11938,2012,12,51,357,135.45
2012-12-23,2683,2409,274,20,11958,2012,12,51,358,127.76190476190476
2012-12-24,2669,2395,274,21,11979,2012,12,52,359,121.31818181818181
2012-12-25,2645,2374,271,18,11997,2012,12,52,360,139.21052631578948
2012-12-26,2624,2359,265,19,12016,2012,12,52,361,131.2
2012-12-27,2617,2353,264,16,12032,2012,12,52,362,153.94117647058823
2012-12-28,2615,2352,263,13,12045,2012,12,52,363,186.78571428571428
2012-12-29,2622,2362,260,13,12058,2012,12,52,364,187.28571428571428
2012-12-30,2604,2351,253,2,12060,2012,12,52,365,868.0
2012-12-31,2595,2345,250,3,12063,2012,12,1,366,648.75
2013-01-01,2591,2341,250,6,12069,2013,1,1,1,370.14285714285717
2013-01-02,2583,2337,246,2,12071,2013,1,1,2,861.0
2013-01-03,2581,2332,249,5,12076,2013,1,1,3,430.1666666666667
2013-01-04,2578,2328,250,1,12077,2013,1,1,4,1289.0
2013-01-05,2551,2304,247,0,12077,2013,1,1,5,2551.0
2013-01-06,2516,2275,241,0,12077,2013,1,1,6,2516.0
2013-01-07,2489,2248,241,3,12080,2013,1,2,7,622.25
2013-01-08,2471,2233,238,2,12082,2013,1,2,8,823.6666666666666
2013-01-09,2466,2229,237,0,12082,2013,1,2,9,2466.0
2013-01-10,2468,2223,245,11,12093,2013,1,2,10,205.66666666666666
2013-01-11,2427,2182,245,2,12095,2013,1,2,11,809.0
2013-01-12,2390,2147,243,0,12095,2013,1,2,12,2390.0
2013-01-13,2381,2139,242,33,12128,2013,1,2,13,70.02941176470588
2013-01-14,2371,2125,246,32,12160,2013,1,3,14,71.84848484848484
2013-01-15,2353,2111,242,32,12192,2013,1,3,15,71.3030303030303
2013-01-16,2330,2087,243,24,12216,2013,1,3,16,93.2
2013-01-17,2312,2068,244,25,12241,2013,1,3,17,88.92307692307692
2013-01-18,2278,2033,245,22,12263,2013,1,3,18,99.04347826086956
2013-01-19,2241,1996,245,21,12284,2013,1,3,19,101.86363636363636
2013-01-20,2221,1976,245,47,12331,2013,1,3,20,46.270833333333336
2013-01-21,2182,1935,247,27,12358,2013,1,4,21,77.92857142857143
2013-01-22,2142,1894,248,23,12381,2013,1,4,22,89.25
2013-01-23,2101,1858,243,13,12394,2013,1,4,23,150.07142857142858
2013-01-24,2077,1841,236,23,12417,2013,1,4,24,86.54166666666667
2013-01-25,2064,1834,230,24,12441,2013,1,4,25,82.56
2013-01-26,2070,1845,225,28,12469,2013,1,4,26,71.37931034482759
2013-01-27,2081,1855,226,34,12503,2013,1,4,27,59.457142857142856
2013-01-28,2101,1872,229,28,12531,2013,1,5,28,72.44827586206897
2013-01-29,2113,1889,224,25,12556,2013,1,5,29,81.26923076923077
2013-01-30,2123,1899,224,13,12569,2013,1,5,30,151.64285714285714
2013-01-31,2140,1915,225,17,12586,2013,1,5,31,118.88888888888889
2013-02-01,2150,1923,227,14,12600,2013,2,5,32,143.33333333333334
2013-02-02,2150,1927,223,8,12608,2013,2,5,33,238.88888888888889
2013-02-03,2149,1927,222,4,12612,2013,2,5,34,429.8
2013-02-04,2148,1931,217,11,12623,2013,2,6,35,179.0
2013-02-05,2145,1929,216,4,12627,2013,2,6,36,429.0
2013-02-06,2100,1887,213,1,12628,2013,2,6,37,1050.0
2013-02-07,2084,1871,213,4,12632,2013,2,6,38,416.8
2013-02-08,2086,1873,213,2,12634,2013,2,6,39,695.3333333333334
2013-02-09,2091,1879,212,8,12642,2013,2,6,40,232.33333333333334
2013-02-10,2076,1863,213,10,12652,2013,2,6,41,188.72727272727272
2013-02-11,2044,1831,213,5,12657,2013,2,7,42,340.6666666666667
2013-02-12,2020,1810,210,14,12671,2013,2,7,43,134.66666666666666
2013-02-13,2023,1817,206,28,12699,2013,2,7,44,69.75862068965517
2013-02-14,2019,1821,198,20,12719,2013,2,7,45,96.14285714285714
2013-02-15,2027,1830,197,27,12746,2013,2,7,46,72.39285714285714
2013-02-16,2018,1826,192,17,12763,2013,2,7,47,112.11111111111111
2013-02-17,2014,1822,192,28,12791,2013,2,7,48,69.44827586206897
2013-02-18,2007,1811,196,25,12816,2013,2,8,49,77.1923076923077
2013-02-19,1993,1805,188,19,12835,2013,2,8,50,99.65
2013-02-20,1993,1809,184,30,12865,2013,2,8,51,64.29032258064517
2013-02-21,1957,1775,182,18,12883,2013,2,8,52,103.0
2013-02-22,1941,1759,182,15,12898,2013,2,8,53,121.3125
2013-02-23,1926,1748,178,19,12917,2013,2,8,54,96.3
2013-02-24,1910,1732,178,14,12931,2013,2,8,55,127.33333333333333
2013-02-25,1903,1725,178,17,12948,2013,2,9,56,105.72222222222223
2013-02-26,1898,1722,176,15,12963,2013,2,9,57,118.625
2013-02-27,1890,1716,174,4,12967,2013,2,9,58,378.0
2013-02-28,1894,1720,174,6,12973,2013,2,9,59,270.57142857142856
2013-03-01,1883,1711,172,6,12979,2013,3,9,60,269.0
2013-03-02,1884,1712,172,4,12983,2013,3,9,61,376.8
2013-03-03,1882,1710,172,6,12989,2013,3,9,62,268.85714285714283
2013-03-04,1881,1707,174,4,12993,2013,3,10,63,376.2
2013-03-05,1872,1702,170,1,12994,2013,3,10,64,936.0
2013-03-06,1866,1693,173,5,12999,2013,3,10,65,311.0
2013-03-07,1851,1681,170,1,13000,2013,3,10,66,925.5
2013-03-08,1851,1681,170,4,13004,2013,3,10,67,370.2
2013-03-09,1848,1677,171,7,13011,2013,3,10,68,231.0
2013-03-10,1828,1661,167,3,13014,2013,3,10,69,457.0
2013-03-11,1803,1636,167,0,13014,2013,3,11,70,1803.0
2013-03-12,1799,1630,169,5,13019,2013,3,11,71,299.8333333333333
2013-03-13,1784,1620,164,16,13035,2013,3,11,72,104.94117647058823
2013-03-14,1771,1610,161,22,13057,2013,3,11,73,77.0
2013-03-15,1768,1606,162,18,13075,2013,3,11,74,93.05263157894737
2013-03-16,1761,1601,160,15,13090,2013,3,11,75,110.0625
2013-03-17,1744,1585,159,10,13100,2013,3,11,76,158.54545454545453
2013-03-18,1736,1576,160,18,13118,2013,3,12,77,91.36842105263158
2013-03-19,1720,1561,159,9,13127,2013,3,12,78,172.0
2013-03-20,1703,1544,159,14,13141,2013,3,12,79,113.53333333333333
2013-03-21,1682,1524,158,7,13148,2013,3,12,80,210.25
2013-03-22,1667,1511,156,9,13157,2013,3,12,81,166.7
2013-03-23,1653,1501,152,10,13167,2013,3,12,82,150.27272727272728
2013-03-24,1640,1490,150,7,13174,2013,3,12,83,205.0
2013-03-25,1631,1480,151,13,13187,2013,3,13,84,116.5
2013-03-26,1618,1466,152,11,13198,2013,3,13,85,134.83333333333334
2013-03-27,1609,1455,154,10,13208,2013,3,13,86,146.27272727272728
2013-03-28,1602,1448,154,2,13210,2013,3,13,87,534.0
2013-03-29,1601,1451,150,4,13214,2013,3,13,88,320.2
2013-03-30,1600,1453,147,3,13217,2013,3,13,89,400.0
2013-03-31,1589,1446,143,1,13218,2013,3,13,90,794.5
2013-04-01,1599,1451,148,10,13228,2013,4,14,91,145.36363636363637
2013-04-02,1603,1457,146,13,13241,2013,4,14,92,114.5
2013-04-03,1608,1462,146,8,13249,2013,4,14,93,178.66666666666666
2013-04-04,1615,1466,149,7,13256,2013,4,14,94,201.875
2013-04-05,1614,1467,147,5,13261,2013,4,14,95,269.0
2013-04-06,1600,1456,144,2,13263,2013,4,14,96,533.3333333333334
2013-04-07,1599,1455,144,1,13264,2013,4,14,97,799.5
2013-04-08,1598,1457,141,10,13274,2013,4,15,98,145.27272727272728
2013-04-09,1600,1459,141,6,13280,2013,4,15,99,228.57142857142858
2013-04-10,1574,1434,140,5,13285,2013,4,15,100,262.3333333333333
2013-04-11,1568,1425,143,10,13295,2013,4,15,101,142.54545454545453
2013-04-12,1555,1413,142,10,13305,2013,4,15,102,141.36363636363637
2013-04-13,1547,1405,142,9,13314,2013,4,15,103,154.7
2013-04-14,1531,1387,144,19,13333,2013,4,15,104,76.55
2013-04-15,1532,1389,143,23,13356,2013,4,16,105,63.833333333333336
2013-04-16,1530,1388,142,18,13374,2013,4,16,106,80.52631578947368
2013-04-17,1528,1385,143,15,13389,2013,4,16,107,95.5
2013-04-18,1524,1381,143,16,13405,2013,4,16,108,89.6470588235294
2013-04-19,1513,1374,139,13,13418,2013,4,16,109,108.07142857142857
2013-04-20,1522,1384,138,23,13441,2013,4,16,110,63.416666666666664
2013-04-21,1519,1381,138,16,13457,2013,4,16,111,89.3529411764706
2013-04-22,1514,1376,138,15,13472,2013,4,17,112,94.625
2013-04-23,1518,1378,140,25,13497,2013,4,17,113,58.38461538461539
2013-04-24,1511,1369,142,11,13508,2013,4,17,114,125.91666666666667
2013-04-25,1504,1361,143,12,13520,2013,4,17,115,115.6923076923077
2013-04-26,1492,1350,142,4,13524,2013,4,17,116,298.4
2013-04-27,1488,1345,143,9,13533,2013,4,17,117,148.8
2013-04-28,1481,1338,143,6,13539,2013,4,17,118,211.57142857142858
2013-04-29,1486,1341,145,7,13546,2013,4,18,119,185.75
2013-04-30,1489,1344,145,6,13552,2013,4,18,120,212.71428571428572
2013-05-01,1483,1338,145,0,13552,2013,5,18,121,1483.0
2013-05-02,1491,1343,148,10,13562,2013,5,18,122,135.54545454545453
2013-05-03,1493,1341,152,7,13569,2013,5,18,123,186.625
2013-05-04,1494,1342,152,2,13571,2013,5,18,124,498.0
2013-05-05,1494,1342,152,0,13571,2013,5,18,125,1494.0
2013-05-06,1496,1344,152,2,13573,2013,5,19,126,498.6666666666667
2013-05-07,1499,1344,155,6,13579,2013,5,19,127,214.14285714285714
2013-05-08,1502,1347,155,5,13584,2013,5,19,128,250.33333333333334
2013-05-09,1505,1348,157,3,13587,2013,5,19,129,376.25
2013-05-10,1496,1347,149,2,13589,2013,5,19,130,498.6666666666667
2013-05-11,1506,1352,154,12,13601,2013,5,19,131,115.84615384615384
2013-05-12,1513,1354,159,7,13608,2013,5,19,132,189.125
2013-05-13,1496,1336,160,16,13624,2013,5,20,133,88.0
2013-05-14,1480,1321,159,16,13640,2013,5,20,134,87.05882352941177
2013-05-15,1470,1310,160,22,13662,2013,5,20,135,63.91304347826087
2013-05-16,1466,1307,159,20,13682,2013,5,20,136,69.80952380952381
2013-05-17,1455,1295,160,14,13696,2013,5,20,137,97.0
2013-05-18,1449,1291,158,16,13712,2013,5,20,138,85.23529411764706
2013-05-19,1444,1286,158,16,13728,2013,5,20,139,84.94117647058823
2013-05-20,1414,1255,159,17,13745,2013,5,21,140,78.55555555555556
2013-05-21,1399,1242,157,12,13757,2013,5,21,141,107.61538461538461
2013-05-22,1382,1226,156,6,13763,2013,5,21,142,197.42857142857142
2013-05-23,1379,1223,156,10,13773,2013,5,21,143,125.36363636363636
2013-05-24,1372,1217,155,16,13789,2013,5,21,144,80.70588235294117
2013-05-25,1361,1206,155,13,13802,2013,5,21,145,97.21428571428571
2013-05-26,1344,1189,155,11,13813,2013,5,21,146,112.0
2013-05-27,1316,1162,154,6,13819,2013,5,22,147,188.0
2013-05-28,1290,1139,151,2,13821,2013,5,22,148,430.0
2013-05-29,1267,1116,151,2,13823,2013,5,22,149,422.3333333333333
2013-05-30,1256,1107,149,2,13825,2013,5,22,150,418.6666666666667
2013-05-31,1240,1092,148,1,13826,2013,5,22,151,620.0
2013-06-01,1239,1093,146,13,13839,2013,6,22,152,88.5
2013-06-02,1238,1092,146,7,13846,2013,6,22,153,154.75
2013-06-03,1238,1091,147,4,13850,2013,6,23,154,247.6
2013-06-04,1227,1082,145,0,13850,2013,6,23,155,1227.0
2013-06-05,1229,1085,144,6,13856,2013,6,23,156,175.57142857142858
2013-06-06,1229,1085,144,1,13857,2013,6,23,157,614.5
2013-06-07,1227,1084,143,2,13859,2013,6,23,158,409.0
2013-06-08,1234,1089,145,9,13868,2013,6,23,159,123.4
2013-06-09,1229,1084,145,3,13871,2013,6,23,160,307.25
2013-06-10,1230,1086,144,11,13882,2013,6,24,161,102.5
2013-06-11,1236,1088,148,11,13893,2013,6,24,162,103.0
2013-06-12,1223,1079,144,1,13894,2013,6,24,163,611.5
2013-06-13,1206,1060,146,11,13905,2013,6,24,164,100.5
2013-06-14,1201,1054,147,15,13920,2013,6,24,165,75.0625
2013-06-15,1189,1044,145,15,13935,2013,6,24,166,74.3125
2013-06-16,1182,1037,145,10,13945,2013,6,24,167,107.45454545454545
2013-06-17,1174,1027,147,20,13965,2013,6,25,168,55.904761904761905
2013-06-18,1166,1021,145,17,13982,2013,6,25,169,64.77777777777777
2013-06-19,1154,1011,143,7,13989,2013,6,25,170,144.25
2013-06-20,1148,1004,144,24,14013,2013,6,25,171,45.92
2013-06-21,1138,995,143,8,14021,2013,6,25,172,126.44444444444444
2013-06-22,1134,992,142,11,14032,2013,6,25,173,94.5
2013-06-23,1125,983,142,10,14042,2013,6,25,174,102.27272727272727
2013-06-24,1128,983,145,17,14059,2013,6,26,175,62.666666666666664
2013-06-25,1124,973,151,13,14072,2013,6,26,176,80.28571428571429
2013-06-26,1114,964,150,5,14077,2013,6,26,177,185.66666666666666
2013-06-27,1114,965,149,4,14081,2013,6,26,178,222.8
2013-06-28,1112,964,148,4,14085,2013,6,26,179,222.4
2013-06-29,1106,959,147,0,14085,2013,6,26,180,1106.0
2013-06-30,1102,955,147,0,14085,2013,6,26,181,1102.0
2013-07-01,1097,950,147,1,14086,2013,7,27,182,548.5
2013-07-02,1096,952,144,3,14089,2013,7,27,183,274.0
2013-07-03,1096,952,144,1,14090,2013,7,27,184,548.0
2013-07-04,1091,951,140,0,14090,2013,7,27,185,1091.0
2013-07-05,1092,952,140,2,14092,2013,7,27,186,364.0
2013-07-06,1091,951,140,3,14095,2013,7,27,187,272.75
2013-07-07,1086,950,136,2,14097,2013,7,27,188,362.0
2013-07-08,1086,948,138,3,14100,2013,7,28,189,271.5
2013-07-09,1089,951,138,3,14103,2013,7,28,190,272.25
2013-07-10,1097,960,137,13,14116,2013,7,28,191,78.35714285714286
2013-07-11,1085,948,137,4,14120,2013,7,28,192,217.0
2013-07-12,1064,927,137,1,14121,2013,7,28,193,532.0
2013-07-13,1070,934,136,24,14145,2013,7,28,194,42.8
2013-07-14,1077,941,136,22,14167,2013,7,28,195,46.82608695652174
2013-07-15,1093,957,136,26,14193,2013,7,29,196,40.48148148148148
2013-07-16,1099,961,138,24,14217,2013,7,29,197,43.96
2013-07-17,1117,978,139,27,14244,2013,7,29,198,39.892857142857146
2013-07-18,1122,983,139,19,14263,2013,7,29,199,56.1
2013-07-19,1137,996,141,22,14285,2013,7,29,200,49.43478260869565
2013-07-20,1161,1020,141,33,14318,2013,7,29,201,34.14705882352941
2013-07-21,1178,1036,142,27,14345,2013,7,29,202,42.07142857142857
2013-07-22,1204,1057,147,33,14378,2013,7,30,203,35.411764705882355
2013-07-23,1221,1073,148,30,14408,2013,7,30,204,39.38709677419355
2013-07-24,1224,1078,146,14,14422,2013,7,30,205,81.6
2013-07-25,1247,1099,148,33,14455,2013,7,30,206,36.6764705882353
2013-07-26,1258,1109,149,13,14468,2013,7,30,207,89.85714285714286
2013-07-27,1271,1122,149,17,14485,2013,7,30,208,70.61111111111111
2013-07-28,1285,1136,149,17,14502,2013,7,30,209,71.38888888888889
2013-07-29,1306,1154,152,22,14524,2013,7,31,210,56.78260869565217
2013-07-30,1303,1154,149,7,14531,2013,7,31,211,162.875
2013-07-31,1293,1145,148,3,14534,2013,7,31,212,323.25
2013-08-01,1291,1142,149,6,14540,2013,8,31,213,184.42857142857142
2013-08-02,1290,1141,149,6,14546,2013,8,31,214,184.28571428571428
2013-08-03,1287,1137,150,2,14548,2013,8,31,215,429.0
2013-08-04,1292,1139,153,7,14555,2013,8,31,216,161.5
2013-08-05,1293,1139,154,2,14557,2013,8,32,217,431.0
2013-08-06,1284,1130,154,1,14558,2013,8,32,218,642.0
2013-08-07,1287,1134,153,9,14567,2013,8,32,219,128.7
2013-08-08,1292,1137,155,10,14577,2013,8,32,220,117.45454545454545
2013-08-09,1287,1135,152,5,14582,2013,8,32,221,214.5
2013-08-10,1283,1128,155,6,14588,2013,8,32,222,183.28571428571428
2013-08-11,1274,1120,154,0,14588,2013,8,32,223,1274.0
2013-08-12,1258,1106,152,3,14591,2013,8,33,224,314.5
2013-08-13,1253,1101,152,18,14609,2013,8,33,225,65.94736842105263
2013-08-14,1248,1100,148,13,14622,2013,8,33,226,89.14285714285714
2013-08-15,1258,1113,145,25,14647,2013,8,33,227,48.38461538461539
2013-08-16,1272,1127,145,30,14677,2013,8,33,228,41.03225806451613
2013-08-17,1280,1136,144,21,14698,2013,8,33,229,58.18181818181818
2013-08-18,1288,1144,144,31,14729,2013,8,33,230,40.25
2013-08-19,1310,1159,151,38,14767,2013,8,34,231,33.58974358974359
2013-08-20,1330,1179,151,35,14802,2013,8,34,232,36.94444444444444
2013-08-21,1333,1183,150,28,14830,2013,8,34,233,45.96551724137931
2013-08-22,1345,1193,152,23,14853,2013,8,34,234,56.041666666666664
2013-08-23,1350,1199,151,17,14870,2013,8,34,235,75.0
2013-08-24,1366,1216,150,20,14890,2013,8,34,236,65.04761904761905
2013-08-25,1400,1251,149,43,14933,2013,8,34,237,31.818181818181817
2013-08-26,1424,1272,152,30,14963,2013,8,35,238,45.935483870967744
2013-08-27,1445,1289,156,28,14991,2013,8,35,239,49.827586206896555
2013-08-28,1454,1296,158,15,15006,2013,8,35,240,90.875
2013-08-29,1462,1303,159,8,15014,2013,8,35,241,162.44444444444446
2013-08-30,1454,1297,157,2,15016,2013,8,35,242,484.6666666666667
2013-08-31,1449,1299,150,2,15018,2013,8,35,243,483.0
2013-09-01,1461,1309,152,14,15032,2013,9,35,244,97.4
2013-09-02,1464,1312,152,3,15035,2013,9,36,245,366.0
2013-09-03,1463,1311,152,1,15036,2013,9,36,246,731.5
2013-09-04,1463,1313,150,6,15042,2013,9,36,247,209.0
2013-09-05,1462,1313,149,4,15046,2013,9,36,248,292.4
2013-09-06,1462,1315,147,3,15049,2013,9,36,249,365.5
2013-09-07,1465,1317,148,5,15054,2013,9,36,250,244.16666666666666
2013-09-08,1466,1323,143,13,15067,2013,9,36,251,104.71428571428571
2013-09-09,1475,1335,140,16,15083,2013,9,37,252,86.76470588235294
2013-09-10,1473,1333,140,14,15097,2013,9,37,253,98.2
2013-09-11,1464,1328,136,7,15104,2013,9,37,254,183.0
2013-09-12,1449,1315,134,7,15111,2013,9,37,255,181.125
2013-09-13,1455,1322,133,26,15137,2013,9,37,256,53.888888888888886
2013-09-14,1474,1343,131,33,15170,2013,9,37,257,43.35294117647059
2013-09-15,1504,1373,131,46,15216,2013,9,37,258,32.0
2013-09-16,1522,1390,132,34,15250,2013,9,38,259,43.48571428571429
2013-09-17,1538,1406,132,33,15283,2013,9,38,260,45.23529411764706
2013-09-18,1558,1423,135,32,15315,2013,9,38,261,47.21212121212121
2013-09-19,1578,1439,139,26,15341,2013,9,38,262,58.44444444444444
2013-09-20,1620,1477,143,52,15393,2013,9,38,263,30.566037735849058
2013-09-21,1644,1501,143,40,15433,2013,9,38,264,40.09756097560975
2013-09-22,1650,1507,143,19,15452,2013,9,38,265,82.5
2013-09-23,1680,1534,146,41,15493,2013,9,39,266,40.0
2013-09-24,1695,1547,148,21,15514,2013,9,39,267,77.04545454545455
2013-09-25,1713,1565,148,20,15534,2013,9,39,268,81.57142857142857
2013-09-26,1748,1597,151,37,15571,2013,9,39,269,46.0
2013-09-27,1764,1611,153,18,15589,2013,9,39,270,92.84210526315789
2013-09-28,1776,1623,153,13,15602,2013,9,39,271,126.85714285714286
2013-09-29,1776,1624,152,13,15615,2013,9,39,272,126.85714285714286
2013-09-30,1779,1623,156,10,15625,2013,9,40,273,161.72727272727272
2013-10-01,1783,1624,159,8,15633,2013,10,40,274,198.11111111111111
2013-10-02,1784,1624,160,1,15634,2013,10,40,275,892.0
2013-10-03,1779,1619,160,1,15635,2013,10,40,276,889.5
2013-10-04,1783,1619,164,5,15640,2013,10,40,277,297.1666666666667
2013-10-05,1781,1617,164,0,15640,2013,10,40,278,1781.0
2013-10-06,1772,1610,162,0,15640,2013,10,40,279,1772.0
2013-10-07,1771,1608,163,2,15642,2013,10,41,280,590.3333333333334
2013-10-08,1762,1599,163,2,15644,2013,10,41,281,587.3333333333334
2013-10-09,1765,1606,159,14,15658,2013,10,41,282,117.66666666666667
2013-10-10,1786,1626,160,22,15680,2013,10,41,283,77.65217391304348
2013-10-11,1783,1625,158,8,15688,2013,10,41,284,198.11111111111111
2013-10-12,1771,1614,157,3,15691,2013,10,41,285,442.75
2013-10-13,1784,1627,157,28,15719,2013,10,41,286,61.51724137931034
2013-10-14,1793,1635,158,19,15738,2013,10,42,287,89.65
2013-10-15,1799,1642,157,26,15764,2013,10,42,288,66.62962962962963
2013-10-16,1802,1641,161,20,15784,2013,10,42,289,85.80952380952381
2013-10-17,1806,1642,164,11,15795,2013,10,42,290,150.5
2013-10-18,1806,1642,164,24,15819,2013,10,42,291,72.24
2013-10-19,1824,1660,164,26,15845,2013,10,42,292,67.55555555555556
2013-10-20,1843,1679,164,30,15875,2013,10,42,293,59.45161290322581
2013-10-21,1848,1679,169,15,15890,2013,10,43,294,115.5
2013-10-22,1849,1683,166,18,15908,2013,10,43,295,97.3157894736842
2013-10-23,1855,1691,164,19,15927,2013,10,43,296,92.75
2013-10-24,1865,1701,164,15,15942,2013,10,43,297,116.5625
2013-10-25,1880,1716,164,19,15961,2013,10,43,298,94.0
2013-10-26,1903,1739,164,27,15988,2013,10,43,299,67.96428571428571
2013-10-27,1942,1778,164,39,16027,2013,10,43,300,48.55
2013-10-28,1967,1800,167,25,16052,2013,10,44,301,75.65384615384616
2013-10-29,1974,1805,169,8,16060,2013,10,44,302,219.33333333333334
2013-10-30,1974,1805,169,3,16063,2013,10,44,303,493.5
2013-10-31,1982,1809,173,9,16072,2013,10,44,304,198.2
2013-11-01,1983,1810,173,1,16073,2013,11,44,305,991.5
2013-11-02,1985,1812,173,4,16077,2013,11,44,306,397.0
2013-11-03,1995,1819,176,13,16090,2013,11,44,307,142.5
2013-11-04,1998,1820,178,5,16095,2013,11,45,308,333.0
2013-11-05,1997,1822,175,2,16097,2013,11,45,309,665.6666666666666
2013-11-06,1997,1821,176,3,16100,2013,11,45,310,499.25
2013-11-07,1991,1817,174,7,16107,2013,11,45,311,248.875
2013-11-08,1994,1821,173,7,16114,2013,11,45,312,249.25
2013-11-09,1998,1823,175,5,16119,2013,11,45,313,333.0
2013-11-10,1994,1816,178,20,16139,2013,11,45,314,94.95238095238095
2013-11-11,1996,1817,179,24,16163,2013,11,46,315,79.84
2013-11-12,1978,1797,181,8,16171,2013,11,46,316,219.77777777777777
2013-11-13,1973,1792,181,19,16190,2013,11,46,317,98.65
2013-11-14,1962,1783,179,16,16206,2013,11,46,318,115.41176470588235
2013-11-15,1965,1786,179,22,16228,2013,11,46,319,85.43478260869566
2013-11-16,1969,1792,177,26,16254,2013,11,46,320,72.92592592592592
2013-11-17,1955,1778,177,19,16273,2013,11,46,321,97.75
2013-11-18,1960,1779,181,32,16305,2013,11,47,322,59.39393939393939
2013-11-19,1945,1769,176,18,16323,2013,11,47,323,102.36842105263158
2013-11-20,1942,1768,174,27,16350,2013,11,47,324,69.35714285714286
2013-11-21,1945,1767,178,17,16367,2013,11,47,325,108.05555555555556
2013-11-22,1928,1754,174,16,16383,2013,11,47,326,113.41176470588235
2013-11-23,1930,1757,173,15,16398,2013,11,47,327,120.625
2013-11-24,1927,1754,173,14,16412,2013,11,47,328,128.46666666666667
2013-11-25,1933,1757,176,23,16435,2013,11,48,329,80.54166666666667
2013-11-26,1933,1758,175,22,16457,2013,11,48,330,84.04347826086956
2013-11-27,1948,1770,178,22,16479,2013,11,48,331,84.69565217391305
2013-11-28,1955,1775,180,10,16489,2013,11,48,332,177.72727272727272
2013-11-29,1957,1778,179,8,16497,2013,11,48,333,217.44444444444446
2013-11-30,1958,1782,176,7,16504,2013,11,48,334,244.75
2013-12-01,1956,1782,174,0,16504,2013,12,48,335,1956.0
2013-12-02,1949,1778,171,0,16504,2013,12,49,336,1949.0
2013-12-03,1952,1780,172,5,16509,2013,12,49,337,325.3333333333333
2013-12-04,1954,1782,172,3,16512,2013,12,49,338,488.5
2013-12-05,1946,1774,172,1,16513,2013,12,49,339,973.0
2013-12-06,1936,1766,170,0,16513,2013,12,49,340,1936.0
2013-12-07,1934,1762,172,3,16516,2013,12,49,341,483.5
2013-12-08,1934,1763,171,6,16522,2013,12,49,342,276.2857142857143
2013-12-09,1939,1767,172,5,16527,2013,12,50,343,323.1666666666667
2013-12-10,1938,1766,172,2,16529,2013,12,50,344,646.0
2013-12-11,1941,1767,174,21,16550,2013,12,50,345,88.22727272727273
2013-12-12,1946,1770,176,18,16568,2013,12,50,346,102.42105263157895
2013-12-13,1934,1758,176,13,16581,2013,12,50,347,138.14285714285714
2013-12-14,1918,1743,175,14,16595,2013,12,50,348,127.86666666666666
2013-12-15,1918,1743,175,21,16616,2013,12,50,349,87.18181818181819
2013-12-16,1915,1736,179,28,16644,2013,12,51,350,66.03448275862068
2013-12-17,1896,1724,172,19,16663,2013,12,51,351,94.8
2013-12-18,1877,1705,172,16,16679,2013,12,51,352,110.41176470588235
2013-12-19,1873,1700,173,24,16703,2013,12,51,353,74.92
2013-12-20,1872,1700,172,22,16725,2013,12,51,354,81.3913043478261
2013-12-21,1865,1692,173,10,16735,2013,12,51,355,169.54545454545453
2013-12-22,1854,1681,173,9,16744,2013,12,51,356,185.4
2013-12-23,1832,1659,173,21,16765,2013,12,52,357,83.27272727272727
2013-12-24,1813,1642,171,11,16776,2013,12,52,358,151.08333333333334
2013-12-25,1800,1635,165,15,16791,2013,12,52,359,112.5
2013-12-26,1799,1633,166,14,16805,2013,12,52,360,119.93333333333334
2013-12-27,1797,1632,165,6,16811,2013,12,52,361,256.7142857142857
2013-12-28,1804,1639,165,9,16820,2013,12,52,362,180.4
2013-12-29,1807,1642,165,5,16825,2013,12,52,363,301.1666666666667
2013-12-30,1797,1634,163,4,16829,2013,12,1,364,359.4
2013-12-31,1799,1636,163,5,16834,2013,12,1,365,299.8333333333333
2014-01-01,1803,1640,163,5,16839,2014,1,1,1,300.5
2014-01-02,1803,1641,162,6,16845,2014,1,1,2,257.57142857142856
2014-01-03,1799,1638,161,0,16845,2014,1,1,3,1799.0
2014-01-04,1798,1636,162,2,16847,2014,1,1,4,599.3333333333334
2014-01-05,1794,1633,161,1,16848,2014,1,1,5,897.0
2014-01-06,1786,1626,160,5,16853,2014,1,2,6,297.6666666666667
2014-01-07,1783,1622,161,13,16866,2014,1,2,7,127.35714285714286
2014-01-08,1771,1610,161,2,16868,2014,1,2,8,590.3333333333334
2014-01-09,1774,1610,164,10,16878,2014,1,2,9,161.27272727272728
2014-01-10,1773,1607,166,6,16884,2014,1,2,10,253.28571428571428
2014-01-11,1749,1585,164,2,16886,2014,1,2,11,583.0
2014-01-12,1718,1552,166,2,16888,2014,1,2,12,572.6666666666666
2014-01-13,1709,1540,169,37,16925,2014,1,3,13,44.973684210526315
2014-01-14,1716,1543,173,41,16966,2014,1,3,14,40.857142857142854
2014-01-15,1702,1526,176,19,16985,2014,1,3,15,85.1
2014-01-16,1689,1515,174,19,17004,2014,1,3,16,84.45
2014-01-17,1694,1523,171,31,17035,2014,1,3,17,52.9375
2014-01-18,1672,1505,167,30,17065,2014,1,3,18,53.935483870967744
2014-01-19,1672,1506,166,40,17105,2014,1,3,19,40.78048780487805
2014-01-20,1687,1521,166,34,17139,2014,1,4,20,48.2
2014-01-21,1676,1512,164,30,17169,2014,1,4,21,54.064516129032256
2014-01-22,1687,1519,168,32,17201,2014,1,4,22,51.121212121212125
2014-01-23,1686,1517,169,19,17220,2014,1,4,23,84.3
2014-01-24,1673,1503,170,24,17244,2014,1,4,24,66.92
2014-01-25,1685,1517,168,30,17274,2014,1,4,25,54.354838709677416
2014-01-26,1687,1519,168,15,17289,2014,1,4,26,105.4375
2014-01-27,1703,1535,168,29,17318,2014,1,5,27,56.766666666666666
2014-01-28,1707,1542,165,14,17332,2014,1,5,28,113.8
2014-01-29,1715,1553,162,16,17348,2014,1,5,29,100.88235294117646
2014-01-30,1737,1572,165,23,17371,2014,1,5,30,72.375
2014-01-31,1745,1579,166,9,17380,2014,1,5,31,174.5
2014-02-01,1748,1585,163,8,17388,2014,2,5,32,194.22222222222223
2014-02-02,1758,1595,163,10,17398,2014,2,5,33,159.8181818181818
2014-02-03,1759,1596,163,1,17399,2014,2,6,34,879.5
2014-02-04,1766,1603,163,9,17408,2014,2,6,35,176.6
2014-02-05,1766,1603,163,2,17410,2014,2,6,36,588.6666666666666
2014-02-06,1755,1592,163,3,17413,2014,2,6,37,438.75
2014-02-07,1744,1581,163,11,17424,2014,2,6,38,145.33333333333334
2014-02-08,1739,1576,163,3,17427,2014,2,6,39,434.75
2014-02-09,1747,1584,163,11,17438,2014,2,6,40,145.58333333333334
2014-02-10,1730,1565,165,11,17449,2014,2,7,41,144.16666666666666
2014-02-11,1724,1560,164,13,17462,2014,2,7,42,123.14285714285714
2014-02-12,1716,1550,166,18,17480,2014,2,7,43,90.3157894736842
2014-02-13,1708,1548,160,12,17492,2014,2,7,44,131.3846153846154
2014-02-14,1710,1553,157,13,17505,2014,2,7,45,122.14285714285714
2014-02-15,1709,1554,155,23,17528,2014,2,7,46,71.20833333333333
2014-02-16,1699,1544,155,16,17544,2014,2,7,47,99.94117647058823
2014-02-17,1684,1528,156,15,17559,2014,2,8,48,105.25
2014-02-18,1687,1534,153,18,17577,2014,2,8,49,88.78947368421052
2014-02-19,1688,1533,155,19,17596,2014,2,8,50,84.4
2014-02-20,1696,1543,153,27,17623,2014,2,8,51,60.57142857142857
2014-02-21,1694,1540,154,13,17636,2014,2,8,52,121.0
2014-02-22,1692,1538,154,17,17653,2014,2,8,53,94.0
2014-02-23,1677,1523,154,12,17665,2014,2,8,54,129.0
2014-02-24,1649,1495,154,11,17676,2014,2,9,55,137.41666666666666
2014-02-25,1637,1483,154,13,17689,2014,2,9,56,116.92857142857143
2014-02-26,1640,1488,152,11,17700,2014,2,9,57,136.66666666666666
2014-02-27,1644,1493,151,7,17707,2014,2,9,58,205.5
2014-02-28,1644,1496,148,9,17716,2014,2,9,59,164.4
2014-03-01,1652,1499,153,9,17725,2014,3,9,60,165.2
2014-03-02,1653,1498,155,5,17730,2014,3,9,61,275.5
2014-03-03,1643,1491,152,3,17733,2014,3,10,62,410.75
2014-03-04,1641,1489,152,3,17736,2014,3,10,63,410.25
2014-03-05,1640,1488,152,1,17737,2014,3,10,64,820.0
2014-03-06,1638,1487,151,1,17738,2014,3,10,65,819.0
2014-03-07,1635,1484,151,4,17742,2014,3,10,66,327.0
2014-03-08,1631,1481,150,3,17745,2014,3,10,67,407.75
2014-03-09,1630,1480,150,4,17749,2014,3,10,68,326.0
2014-03-10,1614,1465,149,4,17753,2014,3,11,69,322.8
2014-03-11,1595,1445,150,5,17758,2014,3,11,70,265.8333333333333
2014-03-12,1591,1441,150,4,17762,2014,3,11,71,318.2
2014-03-13,1586,1437,149,14,17776,2014,3,11,72,105.73333333333333
2014-03-14,1588,1437,151,18,17794,2014,3,11,73,83.57894736842105
2014-03-15,1592,1442,150,26,17820,2014,3,11,74,58.96296296296296
2014-03-16,1583,1434,149,17,17837,2014,3,11,75,87.94444444444444
2014-03-17,1585,1433,152,21,17858,2014,3,12,76,72.04545454545455
2014-03-18,1573,1425,148,20,17878,2014,3,12,77,74.9047619047619
2014-03-19,1562,1414,148,7,17885,2014,3,12,78,195.25
2014-03-20,1562,1414,148,27,17912,2014,3,12,79,55.785714285714285
2014-03-21,1555,1410,145,10,17922,2014,3,12,80,141.36363636363637
2014-03-22,1554,1411,143,15,17937,2014,3,12,81,97.125
2014-03-23,1557,1414,143,18,17955,2014,3,12,82,81.94736842105263
2014-03-24,1556,1413,143,13,17968,2014,3,13,83,111.14285714285714
2014-03-25,1549,1407,142,16,17984,2014,3,13,84,91.11764705882354
2014-03-26,1541,1397,144,14,17998,2014,3,13,85,102.73333333333333
2014-03-27,1530,1391,139,11,18009,2014,3,13,86,127.5
2014-03-28,1526,1389,137,6,18015,2014,3,13,87,218.0
2014-03-29,1526,1390,136,8,18023,2014,3,13,88,169.55555555555554
2014-03-30,1531,1395,136,12,18035,2014,3,13,89,117.76923076923077
2014-03-31,1536,1400,136,5,18040,2014,3,14,90,256.0
2014-04-01,1538,1402,136,2,18042,2014,4,14,91,512.6666666666666
2014-04-02,1548,1410,138,15,18057,2014,4,14,92,96.75
2014-04-03,1548,1409,139,3,18060,2014,4,14,93,387.0
2014-04-04,1553,1412,141,6,18066,2014,4,14,94,221.85714285714286
2014-04-05,1562,1421,141,9,18075,2014,4,14,95,156.2
2014-04-06,1565,1425,140,6,18081,2014,4,14,96,223.57142857142858
2014-04-07,1560,1423,137,1,18082,2014,4,15,97,780.0
2014-04-08,1566,1429,137,11,18093,2014,4,15,98,130.5
2014-04-09,1571,1433,138,7,18100,2014,4,15,99,196.375
2014-04-10,1555,1419,136,5,18105,2014,4,15,100,259.1666666666667
2014-04-11,1553,1414,139,16,18121,2014,4,15,101,91.3529411764706
2014-04-12,1551,1411,140,11,18132,2014,4,15,102,129.25
2014-04-13,1550,1411,139,13,18145,2014,4,15,103,110.71428571428571
2014-04-14,1548,1409,139,19,18164,2014,4,16,104,77.4
2014-04-15,1531,1392,139,11,18175,2014,4,16,105,127.58333333333333
2014-04-16,1520,1379,141,8,18183,2014,4,16,106,168.88888888888889
2014-04-17,1510,1369,141,6,18189,2014,4,16,107,215.71428571428572
2014-04-18,1492,1353,139,6,18195,2014,4,16,108,213.14285714285714
2014-04-19,1478,1342,136,8,18203,2014,4,16,109,164.22222222222223
2014-04-20,1490,1356,134,22,18225,2014,4,16,110,64.78260869565217
2014-04-21,1499,1365,134,18,18243,2014,4,17,111,78.89473684210526
2014-04-22,1488,1355,133,10,18253,2014,4,17,112,135.27272727272728
2014-04-23,1486,1354,132,9,18262,2014,4,17,113,148.6
2014-04-24,1481,1348,133,10,18272,2014,4,17,114,134.63636363636363
2014-04-25,1479,1348,131,12,18284,2014,4,17,115,113.76923076923077
2014-04-26,1487,1356,131,14,18298,2014,4,17,116,99.13333333333334
2014-04-27,1487,1357,130,9,18307,2014,4,17,117,148.7
2014-04-28,1488,1357,131,6,18313,2014,4,18,118,212.57142857142858
2014-04-29,1493,1362,131,9,18322,2014,4,18,119,149.3
2014-04-30,1492,1361,131,4,18326,2014,4,18,120,298.4
2014-05-01,1489,1358,131,2,18328,2014,5,18,121,496.3333333333333
2014-05-02,1488,1355,133,5,18333,2014,5,18,122,248.0
2014-05-03,1488,1355,133,0,18333,2014,5,18,123,1488.0
2014-05-04,1486,1354,132,0,18333,2014,5,18,124,1486.0
2014-05-05,1494,1361,133,9,18342,2014,5,19,125,149.4
2014-05-06,1490,1357,133,1,18343,2014,5,19,126,745.0
2014-05-07,1480,1350,130,3,18346,2014,5,19,127,370.0
2014-05-08,1481,1351,130,3,18349,2014,5,19,128,370.25
2014-05-09,1471,1344,127,0,18349,2014,5,19,129,1471.0
2014-05-10,1467,1343,124,2,18351,2014,5,19,130,489.0
2014-05-11,1471,1345,126,6,18357,2014,5,19,131,210.14285714285714
2014-05-12,1476,1347,129,7,18364,2014,5,20,132,184.5
2014-05-13,1446,1320,126,7,18371,2014,5,20,133,180.75
2014-05-14,1417,1296,121,12,18383,2014,5,20,134,109.0
2014-05-15,1410,1290,120,12,18395,2014,5,20,135,108.46153846153847
2014-05-16,1401,1283,118,10,18405,2014,5,20,136,127.36363636363636
2014-05-17,1379,1262,117,9,18414,2014,5,20,137,137.9
2014-05-18,1365,1248,117,16,18430,2014,5,20,138,80.29411764705883
2014-05-19,1335,1216,119,10,18440,2014,5,21,139,121.36363636363636
2014-05-20,1323,1204,119,22,18462,2014,5,21,140,57.52173913043478
2014-05-21,1304,1186,118,11,18473,2014,5,21,141,108.66666666666667
2014-05-22,1278,1165,113,6,18479,2014,5,21,142,182.57142857142858
2014-05-23,1263,1151,112,4,18483,2014,5,21,143,252.6
2014-05-24,1250,1142,108,11,18494,2014,5,21,144,104.16666666666667
2014-05-25,1227,1119,108,7,18501,2014,5,21,145,153.375
2014-05-26,1223,1114,109,11,18512,2014,5,22,146,101.91666666666667
2014-05-27,1208,1097,111,14,18526,2014,5,22,147,80.53333333333333
2014-05-28,1205,1094,111,11,18537,2014,5,22,148,100.41666666666667
2014-05-29,1192,1081,111,3,18540,2014,5,22,149,298.0
2014-05-30,1170,1062,108,1,18541,2014,5,22,150,585.0
2014-05-31,1162,1055,107,1,18542,2014,5,22,151,581.0
2014-06-01,1160,1052,108,6,18548,2014,6,22,152,165.71428571428572
2014-06-02,1157,1049,108,7,18555,2014,6,23,153,144.625
2014-06-03,1163,1054,109,7,18562,2014,6,23,154,145.375
2014-06-04,1158,1050,108,4,18566,2014,6,23,155,231.6
2014-06-05,1161,1054,107,5,18571,2014,6,23,156,193.5
2014-06-06,1160,1052,108,2,18573,2014,6,23,157,386.6666666666667
2014-06-07,1165,1058,107,16,18589,2014,6,23,158,68.52941176470588
2014-06-08,1174,1063,111,12,18601,2014,6,23,159,90.3076923076923
2014-06-09,1164,1054,110,1,18602,2014,6,24,160,582.0
2014-06-10,1160,1049,111,7,18609,2014,6,24,161,145.0
2014-06-11,1156,1044,112,9,18618,2014,6,24,162,115.6
2014-06-12,1141,1032,109,3,18621,2014,6,24,163,285.25
2014-06-13,1147,1037,110,18,18639,2014,6,24,164,60.36842105263158
2014-06-14,1149,1039,110,15,18654,2014,6,24,165,71.8125
2014-06-15,1143,1033,110,17,18671,2014,6,24,166,63.5
2014-06-16,1142,1026,116,15,18686,2014,6,25,167,71.375
2014-06-17,1157,1040,117,30,18716,2014,6,25,168,37.32258064516129
2014-06-18,1165,1050,115,26,18742,2014,6,25,169,43.148148148148145
2014-06-19,1159,1046,113,13,18755,2014,6,25,170,82.78571428571429
2014-06-20,1151,1034,117,19,18774,2014,6,25,171,57.55
2014-06-21,1153,1037,116,15,18789,2014,6,25,172,72.0625
2014-06-22,1154,1038,116,18,18807,2014,6,25,173,60.73684210526316
2014-06-23,1165,1048,117,23,18830,2014,6,26,174,48.541666666666664
2014-06-24,1165,1046,119,11,18841,2014,6,26,175,97.08333333333333
2014-06-25,1169,1053,116,17,18858,2014,6,26,176,64.94444444444444
2014-06-26,1173,1054,119,15,18873,2014,6,26,177,73.3125
2014-06-27,1184,1062,122,18,18891,2014,6,26,178,62.31578947368421
2014-06-28,1187,1066,121,12,18903,2014,6,26,179,91.3076923076923
2014-06-29,1195,1079,116,17,18920,2014,6,26,180,66.38888888888889
2014-06-30,1202,1086,116,12,18932,2014,6,27,181,92.46153846153847
2014-07-01,1202,1085,117,3,18935,2014,7,27,182,300.5
2014-07-02,1203,1085,118,4,18939,2014,7,27,183,240.6
2014-07-03,1204,1085,119,2,18941,2014,7,27,184,401.3333333333333
2014-07-04,1205,1084,121,2,18943,2014,7,27,185,401.6666666666667
2014-07-05,1202,1081,121,1,18944,2014,7,27,186,601.0
2014-07-06,1201,1080,121,2,18946,2014,7,27,187,400.3333333333333
2014-07-07,1199,1079,120,2,18948,2014,7,28,188,399.6666666666667
2014-07-08,1201,1079,122,6,18954,2014,7,28,189,171.57142857142858
2014-07-09,1196,1076,120,0,18954,2014,7,28,190,1196.0
2014-07-10,1199,1075,124,7,18961,2014,7,28,191,149.875
2014-07-11,1189,1066,123,4,18965,2014,7,28,192,237.8
2014-07-12,1172,1051,121,1,18966,2014,7,28,193,586.0
2014-07-13,1183,1062,121,37,19003,2014,7,28,194,31.13157894736842
2014-07-14,1194,1071,123,28,19031,2014,7,29,195,41.172413793103445
2014-07-15,1193,1072,121,20,19051,2014,7,29,196,56.80952380952381
2014-07-16,1205,1082,123,32,19083,2014,7,29,197,36.515151515151516
2014-07-17,1211,1086,125,13,19096,2014,7,29,198,86.5
2014-07-18,1201,1075,126,17,19113,2014,7,29,199,66.72222222222223
2014-07-19,1214,1087,127,23,19136,2014,7,29,200,50.583333333333336
2014-07-20,1218,1088,130,19,19155,2014,7,29,201,60.9
2014-07-21,1215,1084,131,15,19170,2014,7,30,202,75.9375
2014-07-22,1230,1095,135,28,19198,2014,7,30,203,42.41379310344828
2014-07-23,1228,1092,136,14,19212,2014,7,30,204,81.86666666666666
2014-07-24,1237,1102,135,23,19235,2014,7,30,205,51.541666666666664
2014-07-25,1244,1108,136,18,19253,2014,7,30,206,65.47368421052632
2014-07-26,1253,1117,136,15,19268,2014,7,30,207,78.3125
2014-07-27,1263,1127,136,18,19286,2014,7,30,208,66.47368421052632
2014-07-28,1275,1138,137,24,19310,2014,7,31,209,51.0
2014-07-29,1291,1153,138,21,19331,2014,7,31,210,58.68181818181818
2014-07-30,1303,1161,142,14,19345,2014,7,31,211,86.86666666666666
2014-07-31,1292,1154,138,4,19349,2014,7,31,212,258.4
2014-08-01,1294,1154,140,5,19354,2014,8,31,213,215.66666666666666
2014-08-02,1293,1154,139,5,19359,2014,8,31,214,215.5
2014-08-03,1286,1147,139,2,19361,2014,8,31,215,428.6666666666667
2014-08-04,1281,1142,139,1,19362,2014,8,32,216,640.5
2014-08-05,1284,1145,139,4,19366,2014,8,32,217,256.8
2014-08-06,1275,1137,138,2,19368,2014,8,32,218,425.0
2014-08-07,1274,1137,137,6,19374,2014,8,32,219,182.0
2014-08-08,1278,1139,139,9,19383,2014,8,32,220,127.8
2014-08-09,1270,1131,139,8,19391,2014,8,32,221,141.11111111111111
2014-08-10,1263,1123,140,4,19395,2014,8,32,222,252.6
2014-08-11,1252,1110,142,2,19397,2014,8,33,223,417.3333333333333
2014-08-12,1234,1092,142,1,19398,2014,8,33,224,617.0
2014-08-13,1249,1110,139,26,19424,2014,8,33,225,46.25925925925926
2014-08-14,1265,1123,142,24,19448,2014,8,33,226,50.6
2014-08-15,1275,1131,144,16,19464,2014,8,33,227,75.0
2014-08-16,1291,1146,145,22,19486,2014,8,33,228,56.130434782608695
2014-08-17,1307,1162,145,24,19510,2014,8,33,229,52.28
2014-08-18,1328,1179,149,43,19553,2014,8,34,230,30.181818181818183
2014-08-19,1339,1187,152,29,19582,2014,8,34,231,44.63333333333333
2014-08-20,1369,1215,154,40,19622,2014,8,34,232,33.390243902439025
2014-08-21,1380,1224,156,20,19642,2014,8,34,233,65.71428571428571
2014-08-22,1393,1236,157,23,19665,2014,8,34,234,58.041666666666664
2014-08-23,1403,1247,156,22,19687,2014,8,34,235,61.0
2014-08-24,1415,1259,156,26,19713,2014,8,34,236,52.407407407407405
2014-08-25,1441,1283,158,35,19748,2014,8,35,237,40.02777777777778
2014-08-26,1460,1302,158,25,19773,2014,8,35,238,56.15384615384615
2014-08-27,1479,1320,159,28,19801,2014,8,35,239,51.0
2014-08-28,1499,1338,161,24,19825,2014,8,35,240,59.96
2014-08-29,1504,1342,162,7,19832,2014,8,35,241,188.0
2014-08-30,1500,1340,160,1,19833,2014,8,35,242,750.0
2014-08-31,1503,1343,160,3,19836,2014,8,35,243,375.75
2014-09-01,1510,1348,162,7,19843,2014,9,36,244,188.75
2014-09-02,1509,1348,161,8,19851,2014,9,36,245,167.66666666666666
2014-09-03,1511,1350,161,3,19854,2014,9,36,246,377.75
2014-09-04,1516,1354,162,8,19862,2014,9,36,247,168.44444444444446
2014-09-05,1513,1352,161,0,19862,2014,9,36,248,1513.0
2014-09-06,1519,1357,162,6,19868,2014,9,36,249,217.0
2014-09-07,1534,1366,168,17,19885,2014,9,36,250,85.22222222222223
2014-09-08,1535,1369,166,7,19892,2014,9,37,251,191.875
2014-09-09,1548,1385,163,20,19912,2014,9,37,252,73.71428571428571
2014-09-10,1556,1391,165,15,19927,2014,9,37,253,97.25
2014-09-11,1558,1393,165,14,19941,2014,9,37,254,103.86666666666666
2014-09-12,1561,1392,169,15,19956,2014,9,37,255,97.5625
2014-09-13,1586,1417,169,35,19991,2014,9,37,256,44.05555555555556
2014-09-14,1609,1439,170,32,20023,2014,9,37,257,48.75757575757576
2014-09-15,1623,1451,172,30,20053,2014,9,38,258,52.354838709677416
2014-09-16,1650,1479,171,37,20090,2014,9,38,259,43.421052631578945
2014-09-17,1655,1484,171,27,20117,2014,9,38,260,59.107142857142854
2014-09-18,1673,1497,176,29,20146,2014,9,38,261,55.766666666666666
2014-09-19,1691,1515,176,24,20170,2014,9,38,262,67.64
2014-09-20,1722,1546,176,35,20205,2014,9,38,263,47.833333333333336
2014-09-21,1737,1561,176,26,20231,2014,9,38,264,64.33333333333333
2014-09-22,1768,1589,179,38,20269,2014,9,39,265,45.333333333333336
2014-09-23,1795,1614,181,38,20307,2014,9,39,266,46.02564102564103
2014-09-24,1806,1627,179,25,20332,2014,9,39,267,69.46153846153847
2014-09-25,1828,1649,179,33,20365,2014,9,39,268,53.76470588235294
2014-09-26,1844,1666,178,19,20384,2014,9,39,269,92.2
2014-09-27,1861,1684,177,18,20402,2014,9,39,270,97.94736842105263
2014-09-28,1877,1700,177,17,20419,2014,9,39,271,104.27777777777777
2014-09-29,1882,1703,179,11,20430,2014,9,40,272,156.83333333333334
2014-09-30,1882,1697,185,7,20437,2014,9,40,273,235.25
2014-10-01,1877,1691,186,2,20439,2014,10,40,274,625.6666666666666
2014-10-02,1876,1689,187,3,20442,2014,10,40,275,469.0
2014-10-03,1874,1686,188,3,20445,2014,10,40,276,468.5
2014-10-04,1875,1687,188,3,20448,2014,10,40,277,468.75
2014-10-05,1860,1672,188,1,20449,2014,10,40,278,930.0
2014-10-06,1850,1666,184,2,20451,2014,10,41,279,616.6666666666666
2014-10-07,1851,1667,184,2,20453,2014,10,41,280,617.0
2014-10-08,1844,1663,181,0,20453,2014,10,41,281,1844.0
2014-10-09,1852,1668,184,17,20470,2014,10,41,282,102.88888888888889
2014-10-10,1873,1686,187,24,20494,2014,10,41,283,74.92
2014-10-11,1863,1672,191,8,20502,2014,10,41,284,207.0
2014-10-12,1852,1657,195,4,20506,2014,10,41,285,370.4
2014-10-13,1863,1668,195,28,20534,2014,10,42,286,64.24137931034483
2014-10-14,1871,1678,193,23,20557,2014,10,42,287,77.95833333333333
2014-10-15,1866,1669,197,25,20582,2014,10,42,288,71.76923076923077
2014-10-16,1864,1667,197,24,20606,2014,10,42,289,74.56
2014-10-17,1874,1674,200,23,20629,2014,10,42,290,78.08333333333333
2014-10-18,1875,1681,194,20,20649,2014,10,42,291,89.28571428571429
2014-10-19,1886,1692,194,26,20675,2014,10,42,292,69.85185185185185
2014-10-20,1907,1710,197,39,20714,2014,10,43,293,47.675
2014-10-21,1906,1710,196,22,20736,2014,10,43,294,82.8695652173913
2014-10-22,1916,1721,195,21,20757,2014,10,43,295,87.0909090909091
2014-10-23,1929,1731,198,30,20787,2014,10,43,296,62.225806451612904
2014-10-24,1939,1744,195,25,20812,2014,10,43,297,74.57692307692308
2014-10-25,1955,1763,192,34,20846,2014,10,43,298,55.857142857142854
2014-10-26,1979,1787,192,36,20882,2014,10,43,299,53.486486486486484
2014-10-27,1991,1796,195,29,20911,2014,10,44,300,66.36666666666666
2014-10-28,2013,1812,201,34,20945,2014,10,44,301,57.51428571428571
2014-10-29,2030,1830,200,20,20965,2014,10,44,302,96.66666666666667
2014-10-30,2033,1833,200,7,20972,2014,10,44,303,254.125
2014-10-31,2032,1833,199,1,20973,2014,10,44,304,1016.0
2014-11-01,2031,1834,197,1,20974,2014,11,44,305,1015.5
2014-11-02,2036,1839,197,6,20980,2014,11,44,306,290.85714285714283
2014-11-03,2042,1841,201,8,20988,2014,11,45,307,226.88888888888889
2014-11-04,2043,1843,200,3,20991,2014,11,45,308,510.75
2014-11-05,2040,1844,196,3,20994,2014,11,45,309,510.0
2014-11-06,2046,1846,200,6,21000,2014,11,45,310,292.2857142857143
2014-11-07,2045,1848,197,6,21006,2014,11,45,311,292.14285714285717
2014-11-08,2046,1849,197,5,21011,2014,11,45,312,341.0
2014-11-09,2052,1853,199,7,21018,2014,11,45,313,256.5
2014-11-10,2040,1841,199,25,21043,2014,11,46,314,78.46153846153847
2014-11-11,2044,1839,205,32,21075,2014,11,46,315,61.93939393939394
2014-11-12,2034,1830,204,10,21085,2014,11,46,316,184.9090909090909
2014-11-13,2024,1820,204,22,21107,2014,11,46,317,88.0
2014-11-14,2035,1831,204,24,21131,2014,11,46,318,81.4
2014-11-15,2037,1834,203,19,21150,2014,11,46,319,101.85
2014-11-16,2035,1834,201,21,21171,2014,11,46,320,92.5
2014-11-17,2049,1847,202,33,21204,2014,11,47,321,60.26470588235294
2014-11-18,2057,1852,205,23,21227,2014,11,47,322,85.70833333333333
2014-11-19,2051,1850,201,22,21249,2014,11,47,323,89.17391304347827
2014-11-20,2077,1878,199,40,21289,2014,11,47,324,50.65853658536585
2014-11-21,2069,1872,197,15,21304,2014,11,47,325,129.3125
2014-11-22,2069,1873,196,18,21322,2014,11,47,326,108.89473684210526
2014-11-23,2085,1889,196,31,21353,2014,11,47,327,65.15625
2014-11-24,2108,1908,200,41,21394,2014,11,48,328,50.19047619047619
2014-11-25,2108,1904,204,24,21418,2014,11,48,329,84.32
2014-11-26,2101,1895,206,14,21432,2014,11,48,330,140.06666666666666
2014-11-27,2101,1896,205,14,21446,2014,11,48,331,140.06666666666666
2014-11-28,2110,1903,207,13,21459,2014,11,48,332,150.71428571428572
2014-11-29,2110,1905,205,5,21464,2014,11,48,333,351.6666666666667
2014-11-30,2105,1901,204,0,21464,2014,11,48,334,2105.0
2014-12-01,2104,1900,204,1,21465,2014,12,49,335,1052.0
2014-12-02,2112,1904,208,9,21474,2014,12,49,336,211.2
2014-12-03,2111,1903,208,3,21477,2014,12,49,337,527.75
2014-12-04,2110,1902,208,1,21478,2014,12,49,338,1055.0
2014-12-05,2107,1897,210,3,21481,2014,12,49,339,526.75
2014-12-06,2102,1891,211,4,21485,2014,12,49,340,420.4
2014-12-07,2094,1888,206,0,21485,2014,12,49,341,2094.0
2014-12-08,2095,1890,205,5,21490,2014,12,50,342,349.1666666666667
2014-12-09,2101,1892,209,8,21498,2014,12,50,343,233.44444444444446
2014-12-10,2100,1891,209,0,21498,2014,12,50,344,2100.0
2014-12-11,2103,1891,212,29,21527,2014,12,50,345,70.1
2014-12-12,2098,1890,208,19,21546,2014,12,50,346,104.9
2014-12-13,2098,1892,206,16,21562,2014,12,50,347,123.41176470588235
2014-12-14,2094,1889,205,18,21580,2014,12,50,348,110.21052631578948
2014-12-15,2096,1888,208,26,21606,2014,12,51,349,77.62962962962963
2014-12-16,2072,1866,206,19,21625,2014,12,51,350,103.6
2014-12-17,2061,1858,203,18,21643,2014,12,51,351,108.47368421052632
2014-12-18,2033,1831,202,12,21655,2014,12,51,352,156.3846153846154
2014-12-19,2025,1825,200,12,21667,2014,12,51,353,155.76923076923077
2014-12-20,2033,1835,198,31,21698,2014,12,51,354,63.53125
2014-12-21,2024,1826,198,13,21711,2014,12,51,355,144.57142857142858
2014-12-22,2016,1815,201,18,21729,2014,12,52,356,106.10526315789474
2014-12-23,1994,1793,201,13,21742,2014,12,52,357,142.42857142857142
2014-12-24,1982,1782,200,13,21755,2014,12,52,358,141.57142857142858
2014-12-25,1971,1773,198,17,21772,2014,12,52,359,109.5
2014-12-26,1958,1762,196,11,21783,2014,12,52,360,163.16666666666666
2014-12-27,1964,1769,195,13,21796,2014,12,52,361,140.28571428571428
2014-12-28,1969,1774,195,6,21802,2014,12,52,362,281.2857142857143
2014-12-29,1983,1781,202,17,21819,2014,12,1,363,110.16666666666667
2014-12-30,1982,1782,200,6,21825,2014,12,1,364,283.14285714285717
2014-12-31,1976,1776,200,2,21827,2014,12,1,365,658.6666666666666
2015-01-01,1977,1777,200,4,21831,2015,1,1,1,395.4
2015-01-02,1969,1770,199,0,21831,2015,1,1,2,1969.0
2015-01-03,1970,1771,199,1,21832,2015,1,1,3,985.0
2015-01-04,1971,1771,200,7,21839,2015,1,1,4,246.375
2015-01-05,1956,1762,194,2,21841,2015,1,2,5,652.0
2015-01-06,1955,1759,196,6,21847,2015,1,2,6,279.2857142857143
2015-01-07,1936,1742,194,1,21848,2015,1,2,7,968.0
2015-01-08,1924,1731,193,3,21851,2015,1,2,8,481.0
2015-01-09,1920,1725,195,10,21861,2015,1,2,9,174.54545454545453
2015-01-10,1918,1727,191,13,21874,2015,1,2,10,137.0
2015-01-11,1890,1699,191,7,21881,2015,1,2,11,236.25
2015-01-12,1861,1670,191,3,21884,2015,1,3,12,465.25
2015-01-13,1852,1657,195,21,21905,2015,1,3,13,84.18181818181819
2015-01-14,1843,1648,195,28,21933,2015,1,3,14,63.55172413793103
2015-01-15,1837,1641,196,21,21954,2015,1,3,15,83.5
2015-01-16,1830,1639,191,22,21976,2015,1,3,16,79.56521739130434
2015-01-17,1828,1637,191,22,21998,2015,1,3,17,79.47826086956522
2015-01-18,1816,1625,191,23,22021,2015,1,3,18,75.66666666666667
2015-01-19,1817,1625,192,27,22048,2015,1,4,19,64.89285714285714
2015-01-20,1808,1612,196,29,22077,2015,1,4,20,60.266666666666666
2015-01-21,1791,1596,195,21,22098,2015,1,4,21,81.4090909090909
2015-01-22,1791,1593,198,25,22123,2015,1,4,22,68.88461538461539
2015-01-23,1777,1580,197,19,22142,2015,1,4,23,88.85
2015-01-24,1789,1592,197,31,22173,2015,1,4,24,55.90625
2015-01-25,1802,1605,197,31,22204,2015,1,4,25,56.3125
2015-01-26,1814,1617,197,29,22233,2015,1,5,26,60.46666666666667
2015-01-27,1824,1630,194,21,22254,2015,1,5,27,82.9090909090909
2015-01-28,1841,1650,191,24,22278,2015,1,5,28,73.64
2015-01-29,1855,1666,189,16,22294,2015,1,5,29,109.11764705882354
2015-01-30,1869,1679,190,17,22311,2015,1,5,30,103.83333333333333
2015-01-31,1882,1693,189,16,22327,2015,1,5,31,110.70588235294117
2015-02-01,1884,1696,188,5,22332,2015,2,5,32,314.0
2015-02-02,1900,1708,192,17,22349,2015,2,6,33,105.55555555555556
2015-02-03,1910,1717,193,12,22361,2015,2,6,34,146.92307692307693
2015-02-04,1912,1719,193,4,22365,2015,2,6,35,382.4
2015-02-05,1914,1721,193,2,22367,2015,2,6,36,638.0
2015-02-06,1912,1723,189,15,22382,2015,2,6,37,119.5
2015-02-07,1894,1708,186,6,22388,2015,2,6,38,270.57142857142856
2015-02-08,1903,1722,181,17,22405,2015,2,6,39,105.72222222222223
2015-02-09,1933,1749,184,34,22439,2015,2,7,40,55.22857142857143
2015-02-10,1911,1725,186,6,22445,2015,2,7,41,273.0
2015-02-11,1906,1724,182,18,22463,2015,2,7,42,100.3157894736842
2015-02-12,1907,1726,181,26,22489,2015,2,7,43,70.62962962962963
2015-02-13,1896,1714,182,13,22502,2015,2,7,44,135.42857142857142
2015-02-14,1882,1702,180,9,22511,2015,2,7,45,188.2
2015-02-15,1879,1699,180,17,22528,2015,2,7,46,104.38888888888889
2015-02-16,1874,1694,180,21,22549,2015,2,8,47,85.18181818181819
2015-02-17,1853,1676,177,18,22567,2015,2,8,48,97.52631578947368
2015-02-18,1841,1664,177,10,22577,2015,2,8,49,167.36363636363637
2015-02-19,1839,1662,177,19,22596,2015,2,8,50,91.95
2015-02-20,1840,1666,174,31,22627,2015,2,8,51,57.5
2015-02-21,1827,1653,174,12,22639,2015,2,8,52,140.53846153846155
2015-02-22,1811,1637,174,18,22657,2015,2,8,53,95.3157894736842
2015-02-23,1788,1614,174,13,22670,2015,2,9,54,127.71428571428571
2015-02-24,1771,1600,171,12,22682,2015,2,9,55,136.23076923076923
2015-02-25,1747,1585,162,10,22692,2015,2,9,56,158.8181818181818
2015-02-26,1744,1580,164,17,22709,2015,2,9,57,96.88888888888889
2015-02-27,1749,1588,161,12,22721,2015,2,9,58,134.53846153846155
2015-02-28,1763,1602,161,15,22736,2015,2,9,59,110.1875
2015-03-01,1762,1601,161,0,22736,2015,3,9,60,1762.0
2015-03-02,1759,1599,160,3,22739,2015,3,10,61,439.75
2015-03-03,1759,1602,157,8,22747,2015,3,10,62,195.44444444444446
2015-03-04,1756,1599,157,0,22747,2015,3,10,63,1756.0
2015-03-05,1754,1597,157,1,22748,2015,3,10,64,877.0
2015-03-06,1751,1598,153,3,22751,2015,3,10,65,437.75
2015-03-07,1750,1599,151,5,22756,2015,3,10,66,291.6666666666667
2015-03-08,1754,1601,153,9,22765,2015,3,10,67,175.4
2015-03-09,1760,1601,159,13,22778,2015,3,11,68,125.71428571428571
2015-03-10,1736,1577,159,1,22779,2015,3,11,69,868.0
2015-03-11,1719,1564,155,15,22794,2015,3,11,70,107.4375
2015-03-12,1727,1563,164,18,22812,2015,3,11,71,90.89473684210526
2015-03-13,1730,1567,163,25,22837,2015,3,11,72,66.53846153846153
2015-03-14,1725,1564,161,19,22856,2015,3,11,73,86.25
2015-03-15,1737,1576,161,31,22887,2015,3,11,74,54.28125
2015-03-16,1737,1573,164,21,22908,2015,3,12,75,78.95454545454545
2015-03-17,1727,1564,163,23,22931,2015,3,12,76,71.95833333333333
2015-03-18,1727,1567,160,23,22954,2015,3,12,77,71.95833333333333
2015-03-19,1729,1569,160,24,22978,2015,3,12,78,69.16
2015-03-20,1716,1557,159,27,23005,2015,3,12,79,61.285714285714285
2015-03-21,1717,1559,158,16,23021,2015,3,12,80,101.0
2015-03-22,1718,1560,158,19,23040,2015,3,12,81,85.9
2015-03-23,1711,1546,165,24,23064,2015,3,13,82,68.44
2015-03-24,1685,1521,164,15,23079,2015,3,13,83,105.3125
2015-03-25,1677,1514,163,16,23095,2015,3,13,84,98.6470588235294
2015-03-26,1679,1519,160,16,23111,2015,3,13,85,98.76470588235294
2015-03-27,1674,1517,157,9,23120,2015,3,13,86,167.4
2015-03-28,1674,1519,155,13,23133,2015,3,13,87,119.57142857142857
2015-03-29,1684,1530,154,15,23148,2015,3,13,88,105.25
2015-03-30,1692,1538,154,8,23156,2015,3,14,89,188.0
2015-03-31,1694,1539,155,3,23159,2015,3,14,90,423.5
2015-04-01,1693,1543,150,8,23167,2015,4,14,91,188.11111111111111
2015-04-02,1696,1545,151,6,23173,2015,4,14,92,242.28571428571428
2015-04-03,1701,1549,152,6,23179,2015,4,14,93,243.0
2015-04-04,1701,1551,150,3,23182,2015,4,14,94,425.25
2015-04-05,1703,1556,147,6,23188,2015,4,14,95,243.28571428571428
2015-04-06,1709,1562,147,6,23194,2015,4,15,96,244.14285714285714
2015-04-07,1712,1567,145,8,23202,2015,4,15,97,190.22222222222223
2015-04-08,1733,1586,147,29,23231,2015,4,15,98,57.766666666666666
2015-04-09,1751,1597,154,18,23249,2015,4,15,99,92.15789473684211
2015-04-10,1732,1582,150,10,23259,2015,4,15,100,157.45454545454547
2015-04-11,1724,1573,151,11,23270,2015,4,15,101,143.66666666666666
2015-04-12,1714,1563,151,6,23276,2015,4,15,102,244.85714285714286
2015-04-13,1713,1561,152,17,23293,2015,4,16,103,95.16666666666667
2015-04-14,1708,1557,151,21,23314,2015,4,16,104,77.63636363636364
2015-04-15,1702,1551,151,13,23327,2015,4,16,105,121.57142857142857
2015-04-16,1692,1540,152,8,23335,2015,4,16,106,188.0
2015-04-17,1699,1546,153,19,23354,2015,4,16,107,84.95
2015-04-18,1704,1551,153,17,23371,2015,4,16,108,94.66666666666667
2015-04-19,1700,1547,153,27,23398,2015,4,16,109,60.714285714285715
2015-04-20,1700,1547,153,13,23411,2015,4,17,110,121.42857142857143
2015-04-21,1699,1549,150,17,23428,2015,4,17,111,94.38888888888889
2015-04-22,1710,1557,153,24,23452,2015,4,17,112,68.4
2015-04-23,1715,1558,157,18,23470,2015,4,17,113,90.26315789473684
2015-04-24,1720,1561,159,22,23492,2015,4,17,114,74.78260869565217
2015-04-25,1727,1568,159,18,23510,2015,4,17,115,90.89473684210526
2015-04-26,1732,1573,159,18,23528,2015,4,17,116,91.15789473684211
2015-04-27,1735,1576,159,9,23537,2015,4,18,117,173.5
2015-04-28,1725,1573,152,7,23544,2015,4,18,118,215.625
2015-04-29,1728,1575,153,9,23553,2015,4,18,119,172.8
2015-04-30,1739,1585,154,13,23566,2015,4,18,120,124.21428571428571
2015-05-01,1739,1584,155,4,23570,2015,5,18,121,347.8
2015-05-02,1744,1586,158,5,23575,2015,5,18,122,290.6666666666667
2015-05-03,1749,1588,161,6,23581,2015,5,18,123,249.85714285714286
2015-05-04,1744,1585,159,2,23583,2015,5,19,124,581.3333333333334
2015-05-05,1749,1590,159,7,23590,2015,5,19,125,218.625
2015-05-06,1745,1588,157,2,23592,2015,5,19,126,581.6666666666666
2015-05-07,1744,1587,157,0,23592,2015,5,19,127,1744.0
2015-05-08,1750,1590,160,9,23601,2015,5,19,128,175.0
2015-05-09,1742,1584,158,2,23603,2015,5,19,129,580.6666666666666
2015-05-10,1733,1578,155,4,23607,2015,5,19,130,346.6
2015-05-11,1729,1574,155,3,23610,2015,5,20,131,432.25
2015-05-12,1728,1573,155,2,23612,2015,5,20,132,576.0
2015-05-13,1728,1576,152,21,23633,2015,5,20,133,78.54545454545455
2015-05-14,1719,1567,152,19,23652,2015,5,20,134,85.95
2015-05-15,1718,1565,153,20,23672,2015,5,20,135,81.80952380952381
2015-05-16,1710,1557,153,14,23686,2015,5,20,136,114.0
2015-05-17,1703,1551,152,15,23701,2015,5,20,137,106.4375
2015-05-18,1702,1546,156,22,23723,2015,5,21,138,74.0
2015-05-19,1702,1546,156,27,23750,2015,5,21,139,60.785714285714285
2015-05-20,1701,1549,152,28,23778,2015,5,21,140,58.6551724137931
2015-05-21,1695,1544,151,15,23793,2015,5,21,141,105.9375
2015-05-22,1682,1530,152,12,23805,2015,5,21,142,129.3846153846154
2015-05-23,1676,1525,151,13,23818,2015,5,21,143,119.71428571428571
2015-05-24,1664,1513,151,19,23837,2015,5,21,144,83.2
2015-05-25,1657,1506,151,24,23861,2015,5,22,145,66.28
2015-05-26,1645,1493,152,17,23878,2015,5,22,146,91.38888888888889
2015-05-27,1635,1483,152,11,23889,2015,5,22,147,136.25
2015-05-28,1626,1474,152,15,23904,2015,5,22,148,101.625
2015-05-29,1620,1468,152,10,23914,2015,5,22,149,147.27272727272728
2015-05-30,1612,1462,150,9,23923,2015,5,22,150,161.2
2015-05-31,1601,1451,150,5,23928,2015,5,22,151,266.8333333333333
2015-06-01,1602,1451,151,6,23934,2015,6,23,152,228.85714285714286
2015-06-02,1587,1440,147,2,23936,2015,6,23,153,529.0
2015-06-03,1578,1432,146,3,23939,2015,6,23,154,394.5
2015-06-04,1587,1439,148,13,23952,2015,6,23,155,113.35714285714286
2015-06-05,1597,1449,148,12,23964,2015,6,23,156,122.84615384615384
2015-06-06,1591,1443,148,9,23973,2015,6,23,157,159.1
2015-06-07,1598,1450,148,13,23986,2015,6,23,158,114.14285714285714
2015-06-08,1602,1449,153,21,24007,2015,6,24,159,72.81818181818181
2015-06-09,1581,1435,146,13,24020,2015,6,24,160,112.92857142857143
2015-06-10,1603,1454,149,28,24048,2015,6,24,161,55.275862068965516
2015-06-11,1592,1443,149,7,24055,2015,6,24,162,199.0
2015-06-12,1580,1436,144,14,24069,2015,6,24,163,105.33333333333333
2015-06-13,1583,1440,143,16,24085,2015,6,24,164,93.11764705882354
2015-06-14,1601,1459,142,27,24112,2015,6,24,165,57.17857142857143
2015-06-15,1603,1459,144,19,24131,2015,6,25,166,80.15
2015-06-16,1598,1453,145,16,24147,2015,6,25,167,94.0
2015-06-17,1597,1448,149,17,24164,2015,6,25,168,88.72222222222223
2015-06-18,1610,1458,152,23,24187,2015,6,25,169,67.08333333333333
2015-06-19,1610,1457,153,19,24206,2015,6,25,170,80.5
2015-06-20,1614,1460,154,35,24241,2015,6,25,171,44.833333333333336
2015-06-21,1623,1469,154,21,24262,2015,6,25,172,73.77272727272727
2015-06-22,1629,1474,155,24,24286,2015,6,26,173,65.16
2015-06-23,1628,1472,156,12,24298,2015,6,26,174,125.23076923076923
2015-06-24,1631,1474,157,15,24313,2015,6,26,175,101.9375
2015-06-25,1633,1476,157,12,24325,2015,6,26,176,125.61538461538461
2015-06-26,1630,1472,158,14,24339,2015,6,26,177,108.66666666666667
2015-06-27,1634,1475,159,16,24355,2015,6,26,178,96.11764705882354
2015-06-28,1636,1477,159,17,24372,2015,6,26,179,90.88888888888889
2015-06-29,1641,1481,160,5,24377,2015,6,27,180,273.5
2015-06-30,1649,1486,163,11,24388,2015,6,27,181,137.41666666666666
2015-07-01,1644,1481,163,3,24391,2015,7,27,182,411.0
2015-07-02,1645,1481,164,1,24392,2015,7,27,183,822.5
2015-07-03,1646,1482,164,2,24394,2015,7,27,184,548.6666666666666
2015-07-04,1647,1480,167,4,24398,2015,7,27,185,329.4
2015-07-05,1647,1478,169,5,24403,2015,7,27,186,274.5
2015-07-06,1641,1475,166,3,24406,2015,7,28,187,410.25
2015-07-07,1632,1474,158,4,24410,2015,7,28,188,326.4
2015-07-08,1642,1474,168,11,24421,2015,7,28,189,136.83333333333334
2015-07-09,1629,1465,164,2,24423,2015,7,28,190,543.0
2015-07-10,1622,1466,156,11,24434,2015,7,28,191,135.16666666666666
2015-07-11,1605,1451,154,8,24442,2015,7,28,192,178.33333333333334
2015-07-12,1595,1439,156,9,24451,2015,7,28,193,159.5
2015-07-13,1594,1436,158,30,24481,2015,7,29,194,51.41935483870968
2015-07-14,1603,1441,162,30,24511,2015,7,29,195,51.70967741935484
2015-07-15,1624,1462,162,44,24555,2015,7,29,196,36.08888888888889
2015-07-16,1630,1466,164,29,24584,2015,7,29,197,54.333333333333336
2015-07-17,1627,1461,166,21,24605,2015,7,29,198,73.95454545454545
2015-07-18,1624,1458,166,24,24629,2015,7,29,199,64.96
2015-07-19,1644,1478,166,36,24665,2015,7,29,200,44.432432432432435
2015-07-20,1675,1506,169,50,24715,2015,7,30,201,32.84313725490196
2015-07-21,1690,1521,169,39,24754,2015,7,30,202,42.25
2015-07-22,1716,1545,171,41,24795,2015,7,30,203,40.857142857142854
2015-07-23,1727,1557,170,27,24822,2015,7,30,204,61.67857142857143
2015-07-24,1730,1559,171,19,24841,2015,7,30,205,86.5
2015-07-25,1749,1578,171,28,24869,2015,7,30,206,60.310344827586206
2015-07-26,1757,1586,171,21,24890,2015,7,30,207,79.86363636363636
2015-07-27,1787,1607,180,45,24935,2015,7,31,208,38.84782608695652
2015-07-28,1803,1620,183,24,24959,2015,7,31,209,72.12
2015-07-29,1824,1638,186,24,24983,2015,7,31,210,72.96
2015-07-30,1829,1641,188,13,24996,2015,7,31,211,130.64285714285714
2015-07-31,1828,1639,189,5,25001,2015,7,31,212,304.6666666666667
2015-08-01,1827,1639,188,5,25006,2015,8,31,213,304.5
2015-08-02,1827,1638,189,3,25009,2015,8,31,214,456.75
2015-08-03,1822,1633,189,1,25010,2015,8,32,215,911.0
2015-08-04,1821,1630,191,5,25015,2015,8,32,216,303.5
2015-08-05,1817,1624,193,4,25019,2015,8,32,217,363.4
2015-08-06,1797,1610,187,9,25028,2015,8,32,218,179.7
2015-08-07,1801,1618,183,22,25050,2015,8,32,219,78.30434782608695
2015-08-08,1801,1618,183,10,25060,2015,8,32,220,163.72727272727272
2015-08-09,1805,1617,188,15,25075,2015,8,32,221,112.8125
2015-08-10,1816,1620,196,17,25092,2015,8,33,222,100.88888888888889
2015-08-11,1800,1605,195,1,25093,2015,8,33,223,900.0
2015-08-12,1793,1600,193,14,25107,2015,8,33,224,119.53333333333333
2015-08-13,1826,1628,198,46,25153,2015,8,33,225,38.851063829787236
2015-08-14,1852,1651,201,34,25187,2015,8,33,226,52.91428571428571
2015-08-15,1879,1680,199,46,25233,2015,8,33,227,39.97872340425532
2015-08-16,1916,1717,199,54,25287,2015,8,33,228,34.836363636363636
2015-08-17,1957,1754,203,68,25355,2015,8,34,229,28.36231884057971
2015-08-18,1995,1785,210,51,25406,2015,8,34,230,38.36538461538461
2015-08-19,2034,1821,213,56,25462,2015,8,34,231,35.68421052631579
2015-08-20,2065,1852,213,55,25517,2015,8,34,232,36.875
2015-08-21,2093,1879,214,46,25563,2015,8,34,233,44.53191489361702
2015-08-22,2101,1889,212,30,25593,2015,8,34,234,67.7741935483871
2015-08-23,2140,1927,213,57,25650,2015,8,34,235,36.89655172413793
2015-08-24,2182,1960,222,60,25710,2015,8,35,236,35.77049180327869
2015-08-25,2232,2000,232,59,25769,2015,8,35,237,37.2
2015-08-26,2274,2034,240,49,25818,2015,8,35,238,45.48
2015-08-27,2307,2060,247,42,25860,2015,8,35,239,53.651162790697676
2015-08-28,2321,2072,249,27,25887,2015,8,35,240,82.89285714285714
2015-08-29,2335,2087,248,18,25905,2015,8,35,241,122.89473684210526
2015-08-30,2350,2105,245,20,25925,2015,8,35,242,111.9047619047619
2015-08-31,2358,2113,245,14,25939,2015,8,36,243,157.2
2015-09-01,2357,2112,245,1,25940,2015,9,36,244,1178.5
2015-09-02,2363,2115,248,13,25953,2015,9,36,245,168.78571428571428
2015-09-03,2364,2115,249,3,25956,2015,9,36,246,591.0
2015-09-04,2372,2120,252,8,25964,2015,9,36,247,263.55555555555554
2015-09-05,2367,2119,248,4,25968,2015,9,36,248,473.4
2015-09-06,2374,2124,250,9,25977,2015,9,36,249,237.4
2015-09-07,2380,2129,251,10,25987,2015,9,37,250,216.36363636363637
2015-09-08,2401,2150,251,24,26011,2015,9,37,251,96.04
2015-09-09,2436,2175,261,37,26048,2015,9,37,252,64.10526315789474
2015-09-10,2429,2166,263,14,26062,2015,9,37,253,161.93333333333334
2015-09-11,2431,2168,263,21,26083,2015,9,37,254,110.5
2015-09-12,2438,2166,272,27,26110,2015,9,37,255,87.07142857142857
2015-09-13,2477,2205,272,53,26163,2015,9,37,256,45.870370370370374
2015-09-14,2523,2248,275,61,26224,2015,9,38,257,40.693548387096776
2015-09-15,2566,2292,274,65,26289,2015,9,38,258,38.878787878787875
2015-09-16,2583,2307,276,44,26333,2015,9,38,259,57.4
2015-09-17,2605,2323,282,50,26383,2015,9,38,260,51.07843137254902
2015-09-18,2657,2370,287,67,26450,2015,9,38,261,39.0735294117647
2015-09-19,2709,2424,285,64,26514,2015,9,38,262,41.676923076923075
2015-09-20,2796,2511,285,100,26614,2015,9,38,263,27.683168316831683
2015-09-21,2863,2570,293,86,26700,2015,9,39,264,32.9080459770115
2015-09-22,2905,2608,297,66,26766,2015,9,39,265,43.35820895522388
2015-09-23,2947,2646,301,59,26825,2015,9,39,266,49.11666666666667
2015-09-24,2982,2680,302,46,26871,2015,9,39,267,63.4468085106383
2015-09-25,3014,2708,306,47,26918,2015,9,39,268,62.791666666666664
2015-09-26,3029,2723,306,25,26943,2015,9,39,269,116.5
2015-09-27,3063,2756,307,43,26986,2015,9,39,270,69.61363636363636
2015-09-28,3097,2783,314,39,27025,2015,9,40,271,77.425
2015-09-29,3112,2792,320,21,27046,2015,9,40,272,141.45454545454547
2015-09-30,3118,2795,323,8,27054,2015,9,40,273,346.44444444444446
2015-10-01,3117,2794,323,2,27056,2015,10,40,274,1039.0
2015-10-02,3107,2784,323,3,27059,2015,10,40,275,776.75
2015-10-03,3097,2774,323,2,27061,2015,10,40,276,1032.3333333333333
2015-10-04,3091,2766,325,3,27064,2015,10,40,277,772.75
2015-10-05,3080,2755,325,2,27066,2015,10,41,278,1026.6666666666667
2015-10-06,3063,2741,322,4,27070,2015,10,41,279,612.6
2015-10-07,3053,2730,323,3,27073,2015,10,41,280,763.25
2015-10-08,3032,2712,320,7,27080,2015,10,41,281,379.0
2015-10-09,3069,2744,325,44,27124,2015,10,41,282,68.2
2015-10-10,3079,2754,325,24,27148,2015,10,41,283,123.16
2015-10-11,3071,2743,328,8,27156,2015,10,41,284,341.22222222222223
2015-10-12,3054,2719,335,10,27166,2015,10,42,285,277.6363636363636
2015-10-13,3081,2747,334,46,27212,2015,10,42,286,65.55319148936171
2015-10-14,3099,2760,339,34,27246,2015,10,42,287,88.54285714285714
2015-10-15,3117,2779,338,35,27281,2015,10,42,288,86.58333333333333
2015-10-16,3127,2787,340,33,27314,2015,10,42,289,91.97058823529412
2015-10-17,3132,2794,338,24,27338,2015,10,42,290,125.28
2015-10-18,3121,2783,338,24,27362,2015,10,42,291,124.84
2015-10-19,3148,2807,341,48,27410,2015,10,43,292,64.24489795918367
2015-10-20,3165,2822,343,41,27451,2015,10,43,293,75.35714285714286
2015-10-21,3181,2837,344,28,27479,2015,10,43,294,109.6896551724138
2015-10-22,3200,2852,348,34,27513,2015,10,43,295,91.42857142857143
2015-10-23,3219,2867,352,31,27544,2015,10,43,296,100.59375
2015-10-24,3248,2899,349,43,27587,2015,10,43,297,73.81818181818181
2015-10-25,3268,2920,348,36,27623,2015,10,43,298,88.32432432432432
2015-10-26,3286,2935,351,35,27658,2015,10,44,299,91.27777777777777
2015-10-27,3305,2951,354,24,27682,2015,10,44,300,132.2
2015-10-28,3320,2967,353,26,27708,2015,10,44,301,122.96296296296296
2015-10-29,3333,2980,353,16,27724,2015,10,44,302,196.05882352941177
2015-10-30,3337,2985,352,5,27729,2015,10,44,303,556.1666666666666
2015-10-31,3337,2985,352,2,27731,2015,10,44,304,1112.3333333333333
2015-11-01,3338,2989,349,5,27736,2015,11,44,305,556.3333333333334
2015-11-02,3343,2994,349,10,27746,2015,11,45,306,303.90909090909093
2015-11-03,3346,2997,349,6,27752,2015,11,45,307,478.0
2015-11-04,3343,2994,349,1,27753,2015,11,45,308,1671.5
2015-11-05,3338,2998,340,6,27759,2015,11,45,309,476.85714285714283
2015-11-06,3353,3010,343,17,27776,2015,11,45,310,186.27777777777777
2015-11-07,3351,3009,342,9,27785,2015,11,45,311,335.1
2015-11-08,3355,3012,343,12,27797,2015,11,45,312,258.0769230769231
2015-11-09,3359,3013,346,13,27810,2015,11,46,313,239.92857142857142
2015-11-10,3360,3016,344,31,27841,2015,11,46,314,105.0
2015-11-11,3379,3036,343,49,27890,2015,11,46,315,67.58
2015-11-12,3352,3007,345,17,27907,2015,11,46,316,186.22222222222223
2015-11-13,3358,3015,343,35,27942,2015,11,46,317,93.27777777777777
2015-11-14,3376,3035,341,39,27981,2015,11,46,318,84.4
2015-11-15,3414,3073,341,62,28043,2015,11,46,319,54.19047619047619
2015-11-16,3426,3082,344,48,28091,2015,11,47,320,69.91836734693878
2015-11-17,3413,3066,347,37,28128,2015,11,47,321,89.8157894736842
2015-11-18,3395,3050,345,21,28149,2015,11,47,322,154.3181818181818
2015-11-19,3399,3053,346,45,28194,2015,11,47,323,73.8913043478261
2015-11-20,3421,3078,343,49,28243,2015,11,47,324,68.42
2015-11-21,3439,3096,343,37,28280,2015,11,47,325,90.5
2015-11-22,3469,3126,343,58,28338,2015,11,47,326,58.79661016949152
2015-11-23,3512,3160,352,64,28402,2015,11,48,327,54.03076923076923
2015-11-24,3507,3160,347,40,28442,2015,11,48,328,85.53658536585365
2015-11-25,3531,3186,345,48,28490,2015,11,48,329,72.06122448979592
2015-11-26,3550,3207,343,43,28533,2015,11,48,330,80.68181818181819
2015-11-27,3581,3234,347,44,28577,2015,11,48,331,79.57777777777778
2015-11-28,3599,3253,346,23,28600,2015,11,48,332,149.95833333333334
2015-11-29,3615,3269,346,21,28621,2015,11,48,333,164.3181818181818
2015-11-30,3630,3273,357,18,28639,2015,11,49,334,191.05263157894737
2015-12-01,3633,3274,359,4,28643,2015,12,49,335,726.6
2015-12-02,3632,3272,360,4,28647,2015,12,49,336,726.4
2015-12-03,3633,3272,361,5,28652,2015,12,49,337,605.5
2015-12-04,3625,3266,359,1,28653,2015,12,49,338,1812.5
2015-12-05,3603,3247,356,0,28653,2015,12,49,339,3603.0
2015-12-06,3597,3237,360,4,28657,2015,12,49,340,719.4
2015-12-07,3582,3229,353,0,28657,2015,12,50,341,3582.0
2015-12-08,3573,3224,349,8,28665,2015,12,50,342,397.0
2015-12-09,3579,3230,349,7,28672,2015,12,50,343,447.375
2015-12-10,3574,3224,350,9,28681,2015,12,50,344,357.4
2015-12-11,3576,3231,345,48,28729,2015,12,50,345,72.9795918367347
2015-12-12,3600,3258,342,58,28787,2015,12,50,346,61.016949152542374
2015-12-13,3592,3250,342,38,28825,2015,12,50,347,92.1025641025641
2015-12-14,3595,3244,351,57,28882,2015,12,51,348,61.98275862068966
2015-12-15,3571,3223,348,44,28926,2015,12,51,349,79.35555555555555
2015-12-16,3556,3214,342,36,28962,2015,12,51,350,96.10810810810811
2015-12-17,3533,3191,342,33,28995,2015,12,51,351,103.91176470588235
2015-12-18,3521,3182,339,43,29038,2015,12,51,352,80.02272727272727
2015-12-19,3518,3183,335,43,29081,2015,12,51,353,79.95454545454545
2015-12-20,3540,3205,335,52,29133,2015,12,51,354,66.79245283018868
2015-12-21,3536,3200,336,53,29186,2015,12,52,355,65.48148148148148
2015-12-22,3522,3190,332,46,29232,2015,12,52,356,74.93617021276596
2015-12-23,3494,3171,323,31,29263,2015,12,52,357,109.1875
2015-12-24,3473,3158,315,28,29291,2015,12,52,358,119.75862068965517
2015-12-25,3473,3166,307,42,29333,2015,12,52,359,80.76744186046511
2015-12-26,3484,3180,304,38,29371,2015,12,52,360,89.33333333333333
2015-12-27,3513,3209,304,47,29418,2015,12,52,361,73.1875
2015-12-28,3529,3220,309,36,29454,2015,12,53,362,95.37837837837837
2015-12-29,3528,3220,308,13,29467,2015,12,53,363,252.0
2015-12-30,3538,3226,312,11,29478,2015,12,53,364,294.8333333333333
2015-12-31,3528,3219,309,3,29481,2015,12,53,365,882.0
2016-01-01,3528,3220,308,3,29484,2016,1,53,1,882.0
2016-01-02,3537,3225,312,17,29501,2016,1,53,2,196.5
2016-01-03,3538,3226,312,5,29506,2016,1,53,3,589.6666666666666
2016-01-04,3533,3222,311,4,29510,2016,1,1,4,706.6
2016-01-05,3523,3213,310,0,29510,2016,1,1,5,3523.0
2016-01-06,3509,3192,317,10,29520,2016,1,1,6,319.0
2016-01-07,3478,3170,308,6,29526,2016,1,1,7,496.85714285714283
2016-01-08,3470,3165,305,6,29532,2016,1,1,8,495.7142857142857
2016-01-09,3455,3146,309,6,29538,2016,1,1,9,493.57142857142856
2016-01-10,3428,3130,298,0,29538,2016,1,1,10,3428.0
2016-01-11,3383,3085,298,8,29546,2016,1,2,11,375.8888888888889
2016-01-12,3326,3027,299,4,29550,2016,1,2,12,665.2
2016-01-13,3329,3023,306,68,29618,2016,1,2,13,48.2463768115942
2016-01-14,3329,3023,306,44,29662,2016,1,2,14,73.97777777777777
2016-01-15,3331,3033,298,52,29714,2016,1,2,15,62.84905660377358
2016-01-16,3327,3033,294,63,29777,2016,1,2,16,51.984375
2016-01-17,3321,3029,292,58,29835,2016,1,2,17,56.28813559322034
2016-01-18,3301,3006,295,80,29915,2016,1,3,18,40.75308641975309
2016-01-19,3278,2989,289,63,29978,2016,1,3,19,51.21875
2016-01-20,3272,2982,290,60,30038,2016,1,3,20,53.63934426229508
2016-01-21,3271,2977,294,58,30096,2016,1,3,21,55.440677966101696
2016-01-22,3283,2984,299,58,30154,2016,1,3,22,55.644067796610166
2016-01-23,3287,2995,292,51,30205,2016,1,3,23,63.21153846153846
2016-01-24,3324,3032,292,62,30267,2016,1,3,24,52.76190476190476
2016-01-25,3345,3045,300,64,30331,2016,1,4,25,51.46153846153846
2016-01-26,3362,3068,294,56,30387,2016,1,4,26,58.98245614035088
2016-01-27,3387,3097,290,46,30433,2016,1,4,27,72.06382978723404
2016-01-28,3424,3131,293,45,30478,2016,1,4,28,74.43478260869566
2016-01-29,3459,3161,298,37,30515,2016,1,4,29,91.02631578947368
2016-01-30,3489,3191,298,33,30548,2016,1,4,30,102.61764705882354
2016-01-31,3511,3213,298,24,30572,2016,1,4,31,140.44
2016-02-01,3514,3218,296,6,30578,2016,2,5,32,502.0
2016-02-02,3543,3242,301,31,30609,2016,2,5,33,110.71875
2016-02-03,3559,3253,306,20,30629,2016,2,5,34,169.47619047619048
2016-02-04,3559,3254,305,3,30632,2016,2,5,35,889.75
2016-02-05,3565,3259,306,13,30645,2016,2,5,36,254.64285714285714
2016-02-06,3527,3223,304,6,30651,2016,2,5,37,503.85714285714283
2016-02-07,3507,3201,306,4,30655,2016,2,5,38,701.4
2016-02-08,3512,3206,306,13,30668,2016,2,6,39,250.85714285714286
2016-02-09,3517,3213,304,15,30683,2016,2,6,40,219.8125
2016-02-10,3484,3181,303,13,30696,2016,2,6,41,248.85714285714286
2016-02-11,3455,3158,297,5,30701,2016,2,6,42,575.8333333333334
2016-02-12,3428,3132,296,8,30709,2016,2,6,43,380.8888888888889
2016-02-13,3434,3143,291,39,30748,2016,2,6,44,85.85
2016-02-14,3453,3162,291,43,30791,2016,2,6,45,78.47727272727273
2016-02-15,3472,3179,293,43,30834,2016,2,7,46,78.9090909090909
2016-02-16,3461,3169,292,37,30871,2016,2,7,47,91.07894736842105
2016-02-17,3460,3169,291,40,30911,2016,2,7,48,84.39024390243902
2016-02-18,3463,3171,292,31,30942,2016,2,7,49,108.21875
2016-02-19,3472,3183,289,43,30985,2016,2,7,50,78.9090909090909
2016-02-20,3486,3200,286,45,31030,2016,2,7,51,75.78260869565217
2016-02-21,3484,3198,286,41,31071,2016,2,7,52,82.95238095238095
2016-02-22,3492,3199,293,44,31115,2016,2,8,53,77.6
2016-02-23,3504,3212,292,47,31162,2016,2,8,54,73.0
2016-02-24,3515,3223,292,35,31197,2016,2,8,55,97.63888888888889
2016-02-25,3535,3239,296,46,31243,2016,2,8,56,75.2127659574468
2016-02-26,3545,3249,296,26,31269,2016,2,8,57,131.2962962962963
2016-02-27,3565,3269,296,25,31294,2016,2,8,58,137.1153846153846
2016-02-28,3598,3301,297,35,31329,2016,2,8,59,99.94444444444444
2016-02-29,3631,3328,303,38,31367,2016,2,9,60,93.1025641025641
2016-03-01,3623,3323,300,2,31369,2016,3,9,61,1207.6666666666667
2016-03-02,3631,3322,309,14,31383,2016,3,9,62,242.06666666666666
2016-03-03,3640,3328,312,10,31393,2016,3,9,63,330.90909090909093
2016-03-04,3635,3324,311,1,31394,2016,3,9,64,1817.5
2016-03-05,3622,3311,311,4,31398,2016,3,9,65,724.4
2016-03-06,3613,3302,311,0,31398,2016,3,9,66,3613.0
2016-03-07,3603,3293,310,2,31400,2016,3,10,67,1201.0
2016-03-08,3595,3286,309,5,31405,2016,3,10,68,599.1666666666666
2016-03-09,3564,3255,309,0,31405,2016,3,10,69,3564.0
2016-03-10,3534,3216,318,19,31424,2016,3,10,70,176.7
2016-03-11,3519,3206,313,2,31426,2016,3,10,71,1173.0
2016-03-12,3487,3175,312,3,31429,2016,3,10,72,871.75
2016-03-13,3479,3167,312,31,31460,2016,3,10,73,108.71875
2016-03-14,3462,3147,315,45,31505,2016,3,11,74,75.26086956521739
2016-03-15,3452,3139,313,38,31543,2016,3,11,75,88.51282051282051
2016-03-16,3443,3134,309,28,31571,2016,3,11,76,118.72413793103448
2016-03-17,3450,3144,306,28,31599,2016,3,11,77,118.96551724137932
2016-03-18,3440,3136,304,35,31634,2016,3,11,78,95.55555555555556
2016-03-19,3423,3119,304,32,31666,2016,3,11,79,103.72727272727273
2016-03-20,3425,3122,303,39,31705,2016,3,11,80,85.625
2016-03-21,3392,3089,303,25,31730,2016,3,12,81,130.46153846153845
2016-03-22,3349,3055,294,21,31751,2016,3,12,82,152.22727272727272
2016-03-23,3329,3037,292,20,31771,2016,3,12,83,158.52380952380952
2016-03-24,3305,3014,291,24,31795,2016,3,12,84,132.2
2016-03-25,3280,2990,290,18,31813,2016,3,12,85,172.6315789473684
2016-03-26,3265,2981,284,29,31842,2016,3,12,86,108.83333333333333
2016-03-27,3275,2992,283,33,31875,2016,3,12,87,96.32352941176471
2016-03-28,3287,3001,286,33,31908,2016,3,13,88,96.67647058823529
2016-03-29,3294,3019,275,25,31933,2016,3,13,89,126.6923076923077
2016-03-30,3305,3031,274,15,31948,2016,3,13,90,206.5625
2016-03-31,3311,3036,275,10,31958,2016,3,13,91,301.0
2016-04-01,3314,3037,277,14,31972,2016,4,13,92,220.93333333333334
2016-04-02,3328,3045,283,25,31997,2016,4,13,93,128.0
2016-04-03,3335,3052,283,10,32007,2016,4,13,94,303.1818181818182
2016-04-04,3350,3063,287,24,32031,2016,4,14,95,134.0
2016-04-05,3361,3065,296,16,32047,2016,4,14,96,197.7058823529412
2016-04-06,3355,3063,292,2,32049,2016,4,14,97,1118.3333333333333
2016-04-07,3353,3056,297,16,32065,2016,4,14,98,197.23529411764707
2016-04-08,3347,3049,298,7,32072,2016,4,14,99,418.375
2016-04-09,3304,3008,296,9,32081,2016,4,14,100,330.4
2016-04-10,3249,2953,296,11,32092,2016,4,14,101,270.75
2016-04-11,3213,2917,296,4,32096,2016,4,15,102,642.6
2016-04-12,3157,2870,287,7,32103,2016,4,15,103,394.625
2016-04-13,3137,2847,290,25,32128,2016,4,15,104,120.65384615384616
2016-04-14,3127,2833,294,27,32155,2016,4,15,105,111.67857142857143
2016-04-15,3124,2826,298,30,32185,2016,4,15,106,100.7741935483871
2016-04-16,3104,2807,297,23,32208,2016,4,15,107,129.33333333333334
2016-04-17,3092,2795,297,31,32239,2016,4,15,108,96.625
2016-04-18,3077,2776,301,37,32276,2016,4,16,109,80.97368421052632
2016-04-19,3042,2739,303,18,32294,2016,4,16,110,160.10526315789474
2016-04-20,3027,2727,300,31,32325,2016,4,16,111,94.59375
2016-04-21,3019,2720,299,23,32348,2016,4,16,112,125.79166666666667
2016-04-22,3005,2706,299,14,32362,2016,4,16,113,200.33333333333334
2016-04-23,2985,2686,299,22,32384,2016,4,16,114,129.7826086956522
2016-04-24,2964,2665,299,17,32401,2016,4,16,115,164.66666666666666
2016-04-25,2940,2641,299,23,32424,2016,4,17,116,122.5
2016-04-26,2929,2631,298,29,32453,2016,4,17,117,97.63333333333334
2016-04-27,2934,2632,302,20,32473,2016,4,17,118,139.71428571428572
2016-04-28,2935,2631,304,15,32488,2016,4,17,119,183.4375
2016-04-29,2938,2631,307,11,32499,2016,4,17,120,244.83333333333334
