date,geocodigo,epiweek,temp_min,temp_med,temp_max,precip_min,precip_med,precip_max,precip_tot,pressao_min,pressao_med,pressao_max,umid_min,umid_med,umid_max
2003-08-01,1302603,200331,23.3116,26.0381,28.9861,1.1569,2.7523,4.314,22.0185,0.9887,0.9913,0.9933,71.5405,85.9018,96.1144
2003-08-02,1302603,200331,23.5793,25.5687,27.9327,0.0221,4.6876,12.2416,37.5009,0.9898,0.9917,0.9935,80.3964,89.1108,96.7462
2003-08-03,1302603,200332,23.5488,25.8723,29.9776,0.0189,2.4695,12.3043,19.7559,0.989,0.992,0.9935,71.6096,89.1706,98.0317
2003-08-04,1302603,200332,23.4368,25.8582,29.1867,0.02,1.2006,4.7839,9.6052,0.9881,0.9914,0.9933,73.2576,88.2373,97.6056
2003-08-05,1302603,200332,23.4715,26.4096,30.201,0.0271,0.5638,1.7643,4.5105,0.9871,0.9905,0.9922,69.2458,85.7391,96.3157
2003-08-06,1302603,200332,23.9987,26.4667,29.4822,0.0247,1.7376,6.3573,13.9007,0.9883,0.9904,0.9923,72.2217,85.1903,94.7374
2003-08-07,1302603,200332,23.4868,26.8727,30.9379,0.0044,0.9074,6.3822,7.2592,0.9874,0.9902,0.9919,68.2464,83.7977,95.8456
2003-08-08,1302603,200332,23.9269,27.066,30.6917,0.0392,0.3652,0.787,2.9218,0.9875,0.9901,0.9916,63.4228,82.5041,96.2682
2003-08-09,1302603,200332,24.2922,27.0891,31.0584,0.0,0.3615,1.2871,2.8921,0.9891,0.9917,0.9938,64.6634,82.8724,94.4955
2003-08-10,1302603,200333,22.9471,25.534,27.3091,0.1482,3.5999,7.1782,28.7989,0.991,0.9932,0.9955,80.0951,88.4301,97.1555
2003-08-11,1302603,200333,23.2471,25.3592,28.3718,0.169,1.928,7.4732,15.4241,0.9901,0.9927,0.9944,76.4965,88.3552,95.4866
2003-08-12,1302603,200333,22.9235,25.1611,28.7827,0.4571,2.259,6.068,18.0717,0.9896,0.9921,0.9938,73.8444,88.1025,96.3707
2003-08-13,1302603,200333,22.7831,25.4002,29.0115,0.2332,1.5273,5.704,12.2187,0.9896,0.9923,0.9942,70.9635,87.2634,96.9415
2003-08-14,1302603,200333,23.0792,26.1007,30.3337,0.0048,0.7792,3.9085,6.2335,0.9892,0.9925,0.9947,69.8911,86.7441,97.7077
2003-08-15,1302603,200333,23.4732,26.3565,29.9518,0.1216,1.2885,3.3754,10.308,0.9895,0.9919,0.9937,68.5232,86.0622,95.9301
2003-08-16,1302603,200333,23.3363,25.445,28.5261,0.7513,3.5586,8.052,28.4688,0.9899,0.9922,0.994,76.5901,88.7146,96.8935
2003-08-17,1302603,200334,23.6847,25.3634,28.7224,0.4325,3.1594,9.1643,25.2748,0.9902,0.9931,0.995,74.5025,88.7605,96.3715
2003-08-18,1302603,200334,22.9535,25.1234,28.1378,0.8153,3.0603,8.0502,24.4827,0.9916,0.9939,0.9959,79.3738,89.3185,95.8506
2003-08-19,1302603,200334,22.8255,24.8724,27.7234,1.3975,5.8149,10.3794,46.5191,0.9917,0.994,0.996,84.4712,90.566,97.4047
2003-08-20,1302603,200334,22.5822,24.6476,27.6295,0.5685,4.8142,10.8117,38.5134,0.9902,0.9937,0.9959,78.0223,89.9951,97.2271
2003-08-21,1302603,200334,22.6234,25.1153,28.7274,0.0019,1.7804,10.398,14.2434,0.9882,0.9918,0.9937,71.7243,88.5356,98.7878
2003-08-22,1302603,200334,23.0976,26.1433,30.4259,0.0117,0.7424,1.8372,5.939,0.9874,0.9906,0.9925,69.6001,87.384,98.1135
2003-08-23,1302603,200334,23.6478,26.9975,31.0044,0.0,0.3951,1.4397,3.1607,0.9887,0.9906,0.9927,62.8103,79.7796,91.4898
2003-08-24,1302603,200335,23.7031,27.2177,31.6083,0.0,0.2755,1.3407,2.2043,0.988,0.9909,0.9929,62.595,81.8607,95.3671
2003-08-25,1302603,200335,24.6832,26.869,30.1328,0.5116,2.2608,8.2574,18.0865,0.9891,0.9914,0.9932,72.1503,86.2566,95.7
2003-08-26,1302603,200335,23.3442,25.2828,28.0025,0.0064,3.8373,9.9093,30.6984,0.989,0.9915,0.9936,83.7134,90.3154,97.2466
2003-08-27,1302603,200335,23.0595,25.37,28.3503,0.1217,3.1731,9.7207,25.3846,0.9902,0.992,0.9938,76.0605,88.716,97.6133
2003-08-28,1302603,200335,23.2302,24.9528,27.7114,0.1615,6.1132,16.9326,48.9059,0.9907,0.9928,0.9947,79.7429,90.3954,97.177
2003-08-29,1302603,200335,22.668,24.7694,28.2496,0.0682,3.9525,18.2299,31.6202,0.9904,0.9931,0.9949,73.9725,88.7839,97.145
2003-08-30,1302603,200335,22.6914,24.8393,28.3357,0.4225,5.0499,8.9567,40.3991,0.9913,0.9933,0.9956,74.0345,88.9694,96.3882
2003-08-31,1302603,200336,22.3277,24.8523,28.4343,1.2925,4.9465,10.8148,39.5718,0.9912,0.9936,0.9952,74.9034,88.6526,96.6858
2003-09-01,1302603,200336,22.3553,24.6806,27.8542,1.2576,4.6301,11.4046,37.0406,0.9915,0.9936,0.9954,79.5637,90.074,97.1256
2003-09-02,1302603,200336,23.1244,25.3123,29.3834,0.2458,2.7987,12.3501,22.3893,0.991,0.9937,0.9953,73.7402,88.7395,96.6726
2003-09-03,1302603,200336,22.9127,25.5708,29.9141,0.0125,1.4885,5.976,11.9082,0.9904,0.993,0.9949,67.3843,87.7762,97.6399
2003-09-04,1302603,200336,23.3312,25.5659,28.9542,0.0026,1.8615,6.6098,14.8918,0.9901,0.9923,0.9941,72.6131,87.6759,96.529
2003-09-05,1302603,200336,22.9954,25.4926,29.0655,0.0009,2.559,7.5993,20.472,0.9895,0.9924,0.994,73.3891,87.5566,96.2027
2003-09-06,1302603,200336,22.888,25.7609,30.0178,0.0045,1.4759,7.6066,11.8071,0.9871,0.9911,0.9931,69.1437,87.8835,98.7095
2003-09-07,1302603,200337,23.4137,25.662,29.0102,0.1052,2.4511,4.4794,19.6089,0.9881,0.9911,0.9933,73.4719,88.0441,95.2209
2003-09-08,1302603,200337,23.2862,25.9918,29.8812,0.0141,0.8746,4.5607,6.9971,0.9873,0.9903,0.9926,66.5229,86.7281,98.3708
2003-09-09,1302603,200337,23.7881,26.2215,29.6851,0.0001,1.102,2.346,8.8157,0.9867,0.9904,0.9932,74.8549,87.2702,96.8882
2003-09-10,1302603,200337,24.0074,27.3797,31.4213,0.0047,0.6338,2.3625,5.0705,0.9884,0.9905,0.9926,62.5532,83.1121,95.9411
2003-09-11,1302603,200337,23.7933,25.9737,28.5563,0.3237,2.9314,7.0466,23.4515,0.9892,0.9915,0.9934,74.2554,86.5345,93.7942
2003-09-12,1302603,200337,23.2461,25.415,28.0419,0.1507,2.615,7.3009,20.9201,0.9904,0.9922,0.9945,74.1444,85.9562,95.2026
2003-09-13,1302603,200337,23.379,25.1702,27.7471,0.0974,4.0342,13.9548,32.2735,0.9911,0.9929,0.9948,78.3004,88.8322,96.0682
2003-09-14,1302603,200338,22.6295,25.3065,29.6564,0.0821,2.449,15.7,19.5917,0.9886,0.9921,0.9943,69.2512,87.7244,97.6807
2003-09-15,1302603,200338,23.2182,25.7959,29.07,0.2346,2.2662,7.9872,18.1295,0.9885,0.991,0.9927,73.3584,86.1365,95.8028
2003-09-16,1302603,200338,23.0363,25.5826,29.0688,0.0152,2.9359,8.1629,23.4871,0.9878,0.9907,0.9925,74.0527,88.5776,98.7964
2003-09-17,1302603,200338,23.8624,25.7859,27.4874,0.2047,3.4127,8.115,27.3013,0.9878,0.9907,0.9925,79.188,88.7896,97.1304
2003-09-18,1302603,200338,23.2621,25.7028,28.5611,0.0559,2.2746,8.3991,18.197,0.9872,0.9902,0.9921,74.0838,86.8074,96.3408
2003-09-19,1302603,200338,23.5653,25.6195,28.3613,0.0083,2.0503,6.0951,16.4024,0.9866,0.9894,0.9914,76.7929,88.1967,96.7216
2003-09-20,1302603,200338,23.6443,25.8422,28.6004,0.063,1.7574,6.5752,14.0592,0.9866,0.989,0.9909,75.4195,87.6065,95.5902
2003-09-21,1302603,200339,23.6525,25.2372,27.9025,0.0003,5.1431,12.2886,41.1446,0.9877,0.9901,0.993,77.8718,90.7367,97.507
2003-09-22,1302603,200339,23.5569,26.1483,29.7137,0.036,1.9686,12.2927,15.7485,0.9877,0.9906,0.9928,71.2818,88.1947,98.7469
2003-09-23,1302603,200339,24.0677,26.8457,30.3702,0.0009,0.5338,1.4323,4.2704,0.9868,0.9903,0.9927,67.976,85.0657,96.113
2003-09-24,1302603,200339,24.0719,27.1237,31.4868,0.0,0.5033,2.061,4.0266,0.9865,0.9893,0.9915,61.4013,82.9858,96.0246
2003-09-25,1302603,200339,24.5489,26.1101,28.3457,0.0196,3.396,9.6848,27.1677,0.987,0.9891,0.9919,81.4706,88.7101,95.0758
2003-09-26,1302603,200339,23.5535,26.3586,30.4549,0.0003,1.9268,9.8074,15.4141,0.9862,0.9887,0.9906,68.5284,85.9858,97.3441
2003-09-27,1302603,200339,23.9136,25.6589,28.3922,0.161,3.8265,8.4778,30.6118,0.9862,0.9885,0.9905,81.4379,90.2239,97.517
2003-09-28,1302603,200340,23.7928,26.0644,30.1391,0.0218,1.9746,8.4811,15.7967,0.9866,0.9885,0.9904,67.6199,87.1423,97.6027
2003-09-29,1302603,200340,23.8446,26.6269,30.0383,0.0001,1.6038,6.5991,12.8303,0.9862,0.9888,0.991,70.1481,85.8755,96.2969
2003-09-30,1302603,200340,24.6105,26.939,30.0067,1.696,2.8354,5.1209,22.6831,0.9874,0.9898,0.9919,71.9084,85.4805,95.2887
2003-10-01,1302603,200340,23.9069,26.1918,28.9134,0.5609,3.091,7.4757,24.7281,0.9874,0.9899,0.9917,75.3393,86.3824,94.4791
2003-10-02,1302603,200340,23.6168,26.3452,29.9982,0.0412,1.701,7.5401,13.6079,0.9864,0.989,0.9909,69.1975,86.8226,98.2912
2003-10-03,1302603,200340,23.9916,26.0948,29.2093,0.01,2.4932,7.3717,19.9459,0.9866,0.9889,0.9914,74.1154,87.4116,96.4665
2003-10-04,1302603,200340,24.2412,25.8065,28.708,0.2907,4.8024,13.8567,38.4194,0.9874,0.9895,0.9916,74.9783,89.4084,96.681
2003-10-05,1302603,200341,23.5635,25.432,27.2883,0.0045,3.4521,14.2546,27.617,0.9862,0.9891,0.991,81.3193,89.5277,96.9798
2003-10-06,1302603,200341,24.0263,26.5141,30.1397,0.0036,1.0886,6.2328,8.7086,0.9851,0.9883,0.9905,68.3352,86.8611,98.3396
2003-10-07,1302603,200341,24.3408,26.5876,29.5058,0.327,1.1481,2.7969,9.1849,0.9872,0.9889,0.9912,71.7599,85.4496,94.9492
2003-10-08,1302603,200341,23.9126,26.4803,30.458,0.0006,1.4052,5.4508,11.2417,0.987,0.9886,0.9904,70.1213,85.1996,95.3071
2003-10-09,1302603,200341,23.7851,26.6565,30.1677,0.0,1.8039,5.4636,14.4311,0.9844,0.9877,0.9898,73.283,86.6995,97.3242
2003-10-10,1302603,200341,24.4188,26.5671,27.9986,0.0896,3.8519,9.6738,30.8151,0.9855,0.9878,0.9901,78.5672,87.645,95.4904
2003-10-11,1302603,200341,24.3114,26.7889,30.2839,0.0,1.991,10.0113,15.9283,0.986,0.9884,0.9909,69.1345,86.1058,97.1437
2003-10-12,1302603,200342,24.2366,26.283,28.7678,0.1787,1.7522,4.4969,14.0179,0.9881,0.9898,0.9917,75.4728,87.1112,95.6031
2003-10-13,1302603,200342,24.0055,25.8142,28.4678,0.192,3.5715,7.392,28.5721,0.9877,0.9904,0.9923,78.4284,88.2699,95.5679
2003-10-14,1302603,200342,23.6365,25.7207,29.0266,0.3062,3.3249,7.798,26.5996,0.9874,0.9905,0.9926,76.8876,87.7953,95.2964
2003-10-15,1302603,200342,23.507,25.3953,28.0943,0.9554,5.0733,9.4068,40.5864,0.988,0.9906,0.9922,77.3899,89.4353,97.1125
2003-10-16,1302603,200342,23.3155,25.4464,29.2958,1.8866,5.7878,10.2931,46.3021,0.988,0.9909,0.9927,72.866,88.9484,97.6785
2003-10-17,1302603,200342,23.5145,25.5164,28.9243,0.0567,4.8687,11.5343,38.9492,0.9872,0.99,0.992,76.5075,90.0722,97.787
2003-10-18,1302603,200342,23.7996,25.7915,28.3337,0.127,3.5267,10.9458,28.2133,0.9855,0.9891,0.9913,77.9202,89.4076,96.3546
2003-10-19,1302603,200343,24.364,27.0999,30.7894,0.017,1.1855,5.0203,9.4837,0.9865,0.9888,0.9911,70.7426,84.7383,93.4082
2003-10-20,1302603,200343,24.7573,27.9592,32.0448,0.0,0.3969,2.5407,3.175,0.9859,0.9887,0.9914,55.6297,78.7725,93.0006
2003-10-21,1302603,200343,25.1645,28.2236,31.3255,0.0,0.1959,0.5445,1.567,0.9851,0.9883,0.9905,59.5225,77.0579,90.5715
2003-10-22,1302603,200343,24.7884,27.9829,31.5802,0.0077,0.4745,1.9315,3.796,0.9859,0.9883,0.9909,63.0509,80.7926,95.3232
2003-10-23,1302603,200343,24.5175,27.5163,31.2732,0.0003,0.4726,1.9316,3.7812,0.9866,0.9888,0.9914,63.1938,82.7605,96.2235
2003-10-24,1302603,200343,25.3004,28.3192,31.8483,0.0011,0.3366,0.823,2.693,0.9864,0.9889,0.9911,60.9378,78.9008,91.7796
2003-10-25,1302603,200343,25.0077,28.437,32.0663,0.0003,0.1843,0.6514,1.4741,0.9852,0.989,0.9915,56.0164,76.5875,92.2677
2003-10-26,1302603,200344,25.2522,28.7177,32.5216,0.0005,0.0727,0.3413,0.5819,0.9836,0.9874,0.9898,51.9535,73.9539,91.5584
2003-10-27,1302603,200344,25.1116,28.7274,32.3005,0.0103,0.0546,0.1158,0.4367,0.983,0.9862,0.9883,53.6117,72.3692,88.3805
2003-10-28,1302603,200344,24.9033,27.6026,30.2865,0.0235,1.0709,4.9714,8.5672,0.9851,0.9873,0.9892,69.4391,79.0045,90.9152
2003-10-29,1302603,200344,23.9032,25.3777,27.5898,0.0404,5.7295,11.8608,45.836,0.987,0.9893,0.9916,77.873,90.0775,96.2032
2003-10-30,1302603,200344,23.6954,25.6756,28.7387,0.0033,3.7968,12.0051,30.3747,0.9862,0.9891,0.991,76.9908,89.4778,97.4646
2003-10-31,1302603,200344,23.4697,25.7325,28.6626,0.0062,2.3176,10.7193,18.541,0.9864,0.9888,0.9909,75.0988,86.9342,96.0549
2003-11-01,1302603,200344,23.751,26.6504,30.3103,0.0045,0.9108,3.5282,7.2866,0.9853,0.9883,0.991,70.9514,84.7498,95.7066
2003-11-02,1302603,200345,23.9231,25.8659,28.1764,0.015,3.0456,9.8914,24.3645,0.9858,0.9884,0.9911,80.4119,88.1626,94.9078
2003-11-03,1302603,200345,23.3617,24.6315,26.2588,0.2717,14.3397,29.1437,114.7176,0.987,0.9895,0.9918,84.7867,92.4181,97.8292
2003-11-04,1302603,200345,23.1507,25.0877,27.4495,1.6537,8.3772,29.6245,67.0177,0.9868,0.9894,0.9918,79.7477,90.1359,97.1312
2003-11-05,1302603,200345,23.3401,25.8414,29.9091,0.3158,2.6525,10.6059,21.22,0.9866,0.9898,0.9921,69.8147,87.8073,97.8069
2003-11-06,1302603,200345,23.6336,26.3613,30.4744,0.8007,1.4765,5.4647,11.8123,0.9851,0.9895,0.9914,59.912,82.7195,96.4661
2003-11-07,1302603,200345,23.977,27.1407,30.4296,0.0,0.5689,1.1014,4.5511,0.9844,0.9881,0.9902,64.1439,79.8239,93.9711
2003-11-08,1302603,200345,23.4414,26.7939,29.9282,0.133,2.2778,5.539,18.2226,0.9851,0.9879,0.9902,69.6387,84.5382,96.3616
2003-11-09,1302603,200346,23.5289,25.7611,28.1842,0.2022,7.9092,20.9248,63.2732,0.9876,0.9891,0.9916,78.3618,88.7144,97.0848
2003-11-10,1302603,200346,23.7591,25.6439,28.5443,0.4838,6.7412,21.6062,53.9298,0.9859,0.989,0.9913,81.6474,90.3826,97.3689
2003-11-11,1302603,200346,23.5059,26.0482,29.6002,0.009,3.9948,13.6488,31.9586,0.9855,0.9884,0.9906,74.0477,87.2259,97.0466
2003-11-12,1302603,200346,23.7234,26.7543,30.7326,0.0,1.2952,8.439,10.3618,0.9854,0.9881,0.9905,66.5584,85.5524,98.4568
2003-11-13,1302603,200346,24.1968,26.9855,30.0634,0.0061,2.07,7.685,16.5601,0.9863,0.9887,0.9914,70.5034,85.0792,97.0478
2003-11-14,1302603,200346,24.812,26.6107,29.0169,0.1036,3.96,8.5092,31.6801,0.9859,0.9893,0.9917,77.2756,87.0142,94.7661
2003-11-15,1302603,200346,24.1326,27.2549,31.2401,0.0292,1.2985,8.5131,10.3883,0.9855,0.9888,0.9916,58.5981,83.4572,98.6953
2003-11-16,1302603,200347,24.1066,28.1356,32.337,0.0,0.1032,0.5443,0.8259,0.9852,0.9886,0.9908,50.6558,74.8395,94.5517
2003-11-17,1302603,200347,24.6703,27.2958,30.1592,0.0005,1.2802,4.9469,10.2412,0.9855,0.9882,0.9899,68.2377,80.613,91.9713
2003-11-18,1302603,200347,24.2509,26.8528,30.2988,0.0703,1.161,5.2662,9.2876,0.9854,0.9882,0.9907,67.676,84.5324,95.8333
2003-11-19,1302603,200347,24.2713,26.2323,30.2297,0.0236,3.0783,11.0955,24.6265,0.9861,0.9883,0.9912,68.7676,88.0671,96.473
2003-11-20,1302603,200347,24.1752,26.3592,29.9391,0.0962,2.4502,11.4463,19.6016,0.9845,0.9875,0.9895,71.8366,87.3086,96.2501
2003-11-21,1302603,200347,23.701,25.2587,27.9637,2.9782,9.0263,18.5314,72.2105,0.9858,0.9883,0.9904,80.362,91.7176,97.9
2003-11-22,1302603,200347,23.6252,25.6685,28.1608,0.0017,3.8206,19.225,30.565,0.986,0.9883,0.9901,78.3062,89.5084,97.7841
2003-11-23,1302603,200348,23.6729,26.1314,29.8828,0.0793,1.8457,6.4218,14.7657,0.9858,0.9882,0.9903,70.1433,87.5531,97.3978
2003-11-24,1302603,200348,23.3481,25.8709,29.5931,2.1067,7.0998,10.3633,56.7981,0.9856,0.9885,0.9907,70.5659,86.898,97.401
2003-11-25,1302603,200348,24.0644,26.4637,29.8055,0.0231,2.1631,10.487,17.3048,0.9856,0.9878,0.9898,72.8837,85.7793,94.6352
2003-11-26,1302603,200348,24.0752,26.7238,30.0196,0.0,1.7253,4.4752,13.8025,0.984,0.988,0.9906,70.6844,84.9593,96.3377
2003-11-27,1302603,200348,24.806,26.5523,28.4429,0.3421,2.872,8.226,22.9756,0.9853,0.988,0.9902,78.076,88.0449,96.6804
2003-11-28,1302603,200348,23.8029,26.1685,29.7023,0.8651,3.2267,8.2564,25.8135,0.9838,0.988,0.9905,71.7889,86.7984,96.5245
2003-11-29,1302603,200348,24.0051,26.5574,30.1385,0.02,1.8558,5.4147,14.8462,0.984,0.9871,0.9893,68.4139,85.2946,96.1094
2003-11-30,1302603,200349,23.6155,26.3292,29.366,0.0001,1.6576,3.5597,13.2609,0.9843,0.9869,0.9894,73.5491,86.4194,97.1718
2003-12-01,1302603,200349,24.4882,26.9683,30.5614,0.0007,1.3911,4.3747,11.1292,0.9846,0.9872,0.9893,70.8916,84.8971,96.4524
2003-12-02,1302603,200349,24.539,26.2842,29.341,0.0158,2.983,10.1077,23.8644,0.9857,0.9875,0.9892,75.7872,87.4259,95.6663
2003-12-03,1302603,200349,23.9342,26.2608,29.523,0.0015,2.2732,10.1543,18.1853,0.9845,0.9871,0.9892,73.6928,86.9211,97.2668
2003-12-04,1302603,200349,23.8653,26.6891,29.7434,0.0,1.8406,4.9339,14.725,0.9847,0.9873,0.9894,74.2134,85.9728,97.395
2003-12-05,1302603,200349,24.5009,26.8977,30.0387,0.0007,2.4867,7.3258,19.894,0.9846,0.9878,0.9899,71.9854,85.582,96.5947
2003-12-06,1302603,200349,24.1404,26.1741,28.147,0.0084,4.1259,12.1646,33.0075,0.9869,0.9888,0.9908,79.2191,88.0083,96.5681
2003-12-07,1302603,200350,23.6991,26.5607,30.2395,0.0003,2.1418,12.2478,17.1343,0.9855,0.9889,0.9908,68.1504,85.6939,96.7424
2003-12-08,1302603,200350,24.3117,26.8284,29.1733,0.0778,1.9179,4.9664,15.3428,0.9867,0.9886,0.9907,73.014,86.1002,97.0411
2003-12-09,1302603,200350,24.9716,27.1709,29.8969,0.0164,2.8297,7.4952,22.6373,0.9851,0.9889,0.9912,71.8596,85.102,94.572
2003-12-10,1302603,200350,24.8067,27.5883,30.2582,0.0023,1.8162,7.4991,14.5298,0.986,0.9883,0.99,69.4788,83.3935,95.1665
2003-12-11,1302603,200350,24.8449,26.7646,29.5876,0.0836,3.2341,10.5396,25.8731,0.9865,0.989,0.9909,73.5776,85.7642,94.2818
2003-12-12,1302603,200350,24.4979,26.6814,28.8471,0.0022,2.2637,11.3688,18.1098,0.9862,0.9893,0.9916,72.4099,85.1266,95.4134
2003-12-13,1302603,200350,23.6433,26.1107,28.3874,0.0074,3.9426,10.3629,31.5405,0.9863,0.9887,0.9911,75.9047,86.4417,95.1782
2003-12-14,1302603,200351,23.3663,25.195,27.3006,0.0301,6.145,10.3791,49.1599,0.9869,0.9896,0.9919,79.7027,89.5611,95.5345
2003-12-15,1302603,200351,23.5434,25.8243,28.6185,0.3017,3.7746,9.7247,30.197,0.9869,0.9899,0.9916,73.8689,86.1629,95.9058
2003-12-16,1302603,200351,23.9782,25.9729,28.4848,0.0253,3.1189,9.8983,24.9509,0.9874,0.9899,0.992,75.372,86.8546,95.5027
2003-12-17,1302603,200351,23.5901,25.5635,28.0236,0.0134,3.0148,7.9927,24.1187,0.9873,0.9898,0.9921,77.7483,88.7898,96.1775
2003-12-18,1302603,200351,24.1632,25.3168,27.9733,0.211,6.3098,15.5242,50.4785,0.9884,0.9902,0.9926,77.7428,90.4541,96.0265
2003-12-19,1302603,200351,23.0006,25.1545,28.296,0.3976,4.7645,16.9408,38.1164,0.9892,0.9914,0.9937,77.3076,89.7516,97.576
2003-12-20,1302603,200351,23.4572,25.2204,28.1921,0.6607,5.029,15.0145,40.2321,0.9891,0.9917,0.994,78.1048,90.7214,97.7986
2003-12-21,1302603,200352,23.3129,25.6565,28.4293,0.0009,3.061,10.5772,24.4883,0.9876,0.9913,0.9939,73.7272,88.1356,97.7975
2003-12-22,1302603,200352,23.6113,26.3912,29.4024,0.0374,2.4663,6.798,19.7301,0.9868,0.9895,0.9915,71.7162,86.3526,97.8645
2003-12-23,1302603,200352,23.6364,26.3128,29.0677,0.033,2.5146,7.1286,20.1168,0.9855,0.9885,0.9909,72.9825,86.2374,96.7204
2003-12-24,1302603,200352,24.4453,26.8563,30.5542,0.0575,1.5586,5.4173,12.4687,0.9857,0.9884,0.9906,66.3024,83.3293,95.2616
2003-12-25,1302603,200352,24.2554,27.2243,30.7899,0.003,0.9249,3.4496,7.3992,0.9861,0.9891,0.9916,64.5212,82.2239,95.4856
2003-12-26,1302603,200352,24.7627,26.4723,27.9565,0.0078,4.4379,12.9229,35.5029,0.9861,0.989,0.991,79.3845,86.9487,95.4595
2003-12-27,1302603,200352,24.1931,26.1689,28.8031,0.0618,3.5743,12.9387,28.5943,0.9858,0.9881,0.9901,75.5735,86.8466,95.3812
2003-12-28,1302603,200353,23.6052,26.4943,30.9355,0.0837,1.2434,7.7479,9.9469,0.983,0.9866,0.9889,67.3288,85.6565,97.4708
2003-12-29,1302603,200353,24.617,26.6723,29.566,0.5742,2.1353,7.4885,17.0821,0.9845,0.9864,0.9882,71.6853,84.6231,92.3094
2003-12-30,1302603,200353,24.1459,26.1539,28.6001,0.0437,2.6749,7.5137,21.3993,0.9852,0.9874,0.9894,77.7941,87.5298,95.9307
2003-12-31,1302603,200353,23.8178,25.5828,27.278,0.1002,5.2035,14.4723,41.6279,0.9873,0.9891,0.991,83.3552,90.3113,97.041
2004-01-01,1302603,200353,24.0506,25.3685,27.343,0.0014,6.1791,14.5818,49.4331,0.9876,0.9902,0.9925,81.9482,91.4451,96.9845
2004-01-02,1302603,200353,23.7502,25.8479,27.8754,0.0522,4.4426,11.3143,35.5404,0.986,0.9895,0.9917,78.0886,88.323,97.0914
2004-01-03,1302603,200353,23.5976,25.3307,27.3383,0.1765,9.0371,21.1801,72.2966,0.9859,0.9885,0.9903,83.2561,91.1381,97.0307
2004-01-04,1302603,200401,23.8099,25.3584,27.8607,0.0413,5.6304,21.3527,45.0431,0.9853,0.9875,0.9893,78.8105,89.9866,96.9122
2004-01-05,1302603,200401,23.6007,24.8641,26.4495,1.2806,8.0296,15.9007,64.237,0.9861,0.988,0.9895,85.3346,93.305,98.3799
2004-01-06,1302603,200401,23.4762,24.8963,26.4052,0.6908,6.0746,17.0057,48.5972,0.9865,0.9887,0.9908,83.9798,92.3171,97.8367
2004-01-07,1302603,200401,23.2711,25.1212,27.3635,1.3451,7.9329,14.4414,63.4631,0.987,0.9894,0.9917,79.9196,90.4491,97.6852
2004-01-08,1302603,200401,23.3179,25.5773,29.7093,0.0501,7.5705,15.4559,60.5641,0.9865,0.9893,0.9914,73.7974,88.4907,97.9777
2004-01-09,1302603,200401,23.8869,25.4539,27.88,0.9046,12.4306,21.2033,99.4447,0.9861,0.9892,0.9912,79.7738,90.7208,96.9438
2004-01-10,1302603,200401,23.9779,25.8719,27.8663,0.0529,5.2593,22.291,42.0743,0.9857,0.9884,0.9901,78.7058,88.3447,96.6443
2004-01-11,1302603,200402,23.851,26.1526,28.7803,0.2574,4.7543,8.1969,38.0344,0.9866,0.9893,0.9912,74.8127,87.1574,95.7175
2004-01-12,1302603,200402,24.311,26.7529,29.2194,1.3127,4.3695,7.949,34.956,0.988,0.9901,0.9922,73.4135,85.7114,96.1522
2004-01-13,1302603,200402,24.2593,26.1046,28.1198,0.052,3.1094,8.2325,24.8754,0.9877,0.9902,0.9924,82.1403,89.0425,96.8194
2004-01-14,1302603,200402,23.9929,26.3596,29.9779,0.0068,1.6642,11.8841,13.3139,0.9853,0.989,0.9912,68.1378,86.3021,96.6567
2004-01-15,1302603,200402,24.7194,27.6171,30.403,0.0051,0.259,0.7003,2.0719,0.9842,0.9873,0.9892,66.0728,79.9689,93.2485
2004-01-16,1302603,200402,24.6835,26.3096,27.7427,0.0982,3.1794,7.7313,25.4356,0.9864,0.9882,0.991,80.1998,86.679,92.1368
2004-01-17,1302603,200402,24.1728,25.9749,28.3683,0.0001,2.0296,7.7588,16.2369,0.9874,0.9895,0.9909,79.077,87.8809,95.5508
2004-01-18,1302603,200403,23.6679,26.4165,29.7256,0.0115,1.4519,4.7073,11.6152,0.986,0.9895,0.9915,69.4201,86.3633,98.4297
2004-01-19,1302603,200403,24.0698,26.8461,30.5117,0.0302,2.8083,4.7884,22.4666,0.9864,0.9888,0.9904,63.2825,83.739,96.7304
2004-01-20,1302603,200403,24.7479,27.1553,30.1498,0.0011,0.899,4.5336,7.1921,0.9854,0.9882,0.9901,64.7735,83.1214,96.2771
2004-01-21,1302603,200403,24.7612,28.2223,32.6111,0.0,0.1351,1.0683,1.0805,0.9847,0.9879,0.9899,51.2996,72.9661,87.4711
2004-01-22,1302603,200403,25.1198,28.2675,31.6534,0.0014,0.1832,0.8974,1.4659,0.9852,0.9879,0.9899,57.4458,74.4955,88.6904
2004-01-23,1302603,200403,24.7463,27.2959,30.0834,0.053,1.1413,4.0021,9.1308,0.9867,0.9883,0.9904,67.0336,82.0343,95.3621
2004-01-24,1302603,200403,24.3732,26.7991,30.3401,0.7543,1.6628,4.7829,13.3021,0.9869,0.9895,0.9913,67.5926,83.2371,94.828
2004-01-25,1302603,200404,24.4014,27.6828,31.7933,0.0,0.391,2.6837,3.1279,0.9859,0.9888,0.9905,54.7181,76.3632,92.0755
2004-01-26,1302603,200404,25.2294,27.982,31.1522,0.0,0.2166,0.6556,1.7325,0.9871,0.989,0.9913,52.4802,72.9587,89.1984
2004-01-27,1302603,200404,24.8265,27.6438,30.7753,0.0,0.2079,0.6556,1.6632,0.9867,0.9896,0.9914,60.5334,78.034,93.1191
2004-01-28,1302603,200404,25.7335,27.2168,29.3402,0.0378,1.8435,5.9412,14.7478,0.9877,0.9899,0.992,69.2318,81.568,90.8461
2004-01-29,1302603,200404,25.1269,27.0364,29.9093,0.1417,1.3891,6.342,11.1129,0.9865,0.9892,0.9909,61.9232,80.8391,92.5557
2004-01-30,1302603,200404,24.7391,26.6575,29.3841,0.1064,1.9481,4.2851,15.5849,0.9865,0.9888,0.9905,70.9487,82.7405,92.8813
2004-01-31,1302603,200404,24.476,27.1122,31.2467,0.0755,0.7765,4.4867,6.2123,0.9856,0.9887,0.9904,61.6182,78.9862,90.0321
2004-02-01,1302603,200405,25.272,26.9988,28.5569,0.0023,1.5494,6.5311,12.3955,0.9872,0.9899,0.9922,75.0784,80.9314,86.2006
2004-02-02,1302603,200405,24.5722,26.3523,28.8145,0.0733,3.2996,7.2303,26.3971,0.9856,0.9894,0.9914,71.9476,84.6959,93.4607
2004-02-03,1302603,200405,23.9873,26.5844,29.1702,0.4589,3.9587,7.1922,31.6693,0.9853,0.9885,0.9905,72.4776,84.4573,95.7629
2004-02-04,1302603,200405,24.4775,25.755,27.6519,0.122,5.289,15.4997,42.3117,0.9869,0.9889,0.9911,81.8003,88.2583,93.6202
2004-02-05,1302603,200405,22.6952,25.1504,27.9608,0.183,5.7822,16.2892,46.2576,0.9866,0.9897,0.9918,70.5683,85.6597,93.4848
2004-02-06,1302603,200405,23.8056,26.5284,30.486,0.2677,2.5415,6.5631,20.3316,0.9855,0.9892,0.9914,63.285,81.5351,94.4048
2004-02-07,1302603,200405,24.1481,26.8557,30.3076,0.1315,0.719,3.973,5.7522,0.9864,0.9888,0.9909,60.9095,78.8672,92.1293
2004-02-08,1302603,200406,24.4976,25.944,27.5744,0.0403,1.9631,4.2244,15.7047,0.9887,0.9904,0.9929,76.3044,85.544,92.8283
2004-02-09,1302603,200406,24.2046,26.667,30.1531,0.0206,0.7378,4.359,5.9022,0.9875,0.9907,0.9927,63.5211,81.3578,94.704
2004-02-10,1302603,200406,24.0223,26.9963,30.5925,0.009,0.2531,0.5314,2.025,0.9863,0.9895,0.9912,55.3829,75.6488,90.983
2004-02-11,1302603,200406,25.0646,27.008,29.9088,0.1646,1.2775,4.5021,10.2198,0.9871,0.9891,0.9907,64.6705,77.098,85.4097
2004-02-12,1302603,200406,23.9492,24.9009,26.5549,1.8949,8.1825,15.8477,65.4597,0.9888,0.9908,0.9934,78.5354,90.1883,94.8596
2004-02-13,1302603,200406,23.6657,25.5011,27.9932,0.0024,5.77,15.8534,46.1603,0.9883,0.9913,0.9932,75.7062,86.9269,94.6855
2004-02-14,1302603,200406,23.2922,25.022,27.9229,1.8033,6.6963,15.9591,53.5704,0.9872,0.9909,0.9931,79.0407,91.0193,97.6366
2004-02-15,1302603,200407,23.4789,25.0489,26.9813,0.2144,6.1012,14.8342,48.8097,0.9872,0.9903,0.9927,78.8403,90.2488,97.2985
2004-02-16,1302603,200407,23.2927,24.9814,27.8146,1.384,6.0924,9.4733,48.7392,0.9884,0.9908,0.9929,77.7915,90.4229,97.282
2004-02-17,1302603,200407,23.401,24.7425,26.4311,0.1089,3.5595,9.9242,28.4758,0.9887,0.9909,0.9931,83.8926,91.1041,95.7214
2004-02-18,1302603,200407,23.3398,25.0033,27.8652,0.0339,4.9659,16.7245,39.7274,0.9891,0.9911,0.993,81.0075,91.1987,97.6181
2004-02-19,1302603,200407,23.2791,24.4156,26.3112,1.7696,9.6712,19.9703,77.3698,0.9883,0.9907,0.9926,83.4668,93.3773,98.0024
2004-02-20,1302603,200407,23.1798,25.0116,27.9527,2.0515,9.9859,16.7096,79.8876,0.9866,0.9896,0.9915,74.4911,90.6204,98.1391
2004-02-21,1302603,200407,23.775,25.9351,29.4775,0.4539,4.4356,15.6778,35.485,0.9874,0.9898,0.9919,70.9639,87.1345,96.3018
2004-02-22,1302603,200408,23.3464,24.8629,27.0149,1.9845,7.5623,11.3172,60.4987,0.9898,0.9917,0.9938,81.7592,92.1968,97.4375
2004-02-23,1302603,200408,23.0787,25.0877,28.1241,0.4882,3.0246,11.5058,24.1966,0.9883,0.9914,0.9933,77.92,89.7937,97.7288
2004-02-24,1302603,200408,23.1802,24.882,28.1874,1.2199,7.4174,15.7221,59.3396,0.9871,0.9904,0.9925,75.9467,91.6481,97.6443
2004-02-25,1302603,200408,23.5872,25.139,27.1223,0.0928,4.1342,16.0777,33.0734,0.9876,0.9899,0.9922,80.5845,90.0005,97.3779
2004-02-26,1302603,200408,23.7373,25.8888,28.7594,0.0672,1.8276,8.6339,14.6208,0.9882,0.9909,0.9939,70.8786,85.6936,95.0993
2004-02-27,1302603,200408,24.2079,26.1533,27.7697,0.0802,3.7736,13.4608,30.1888,0.9881,0.9913,0.9937,78.0408,85.9481,94.2257
2004-02-28,1302603,200408,23.6667,25.3575,27.4379,0.3194,9.1402,20.0808,73.1218,0.9874,0.9902,0.9924,81.8428,90.6276,96.4781
2004-02-29,1302603,200409,23.1761,25.6923,30.0937,0.0162,3.2082,21.062,25.6653,0.9864,0.9893,0.9919,66.8058,86.6672,97.3796
2004-03-01,1302603,200409,24.2989,26.5849,29.6287,0.0,1.2817,4.1525,10.2532,0.9866,0.9895,0.9917,68.5973,85.3047,96.3416
2004-03-02,1302603,200409,24.5919,26.2039,29.0729,0.0008,3.4525,12.7557,27.6202,0.9878,0.99,0.9918,75.8397,87.2343,94.4907
2004-03-03,1302603,200409,23.8347,25.5884,27.4417,0.7101,8.1573,14.5353,65.2584,0.9862,0.9897,0.9918,79.7737,89.8461,97.1345
2004-03-04,1302603,200409,23.2941,25.1245,27.4406,5.8759,16.3265,30.2755,130.6122,0.9873,0.9899,0.9921,79.8138,90.2916,97.56
2004-03-05,1302603,200409,23.7932,25.7069,29.1383,0.0378,4.7379,30.4506,37.9033,0.988,0.9906,0.9932,66.0366,84.0266,93.8241
2004-03-06,1302603,200409,23.0152,24.811,27.9583,0.5928,12.0996,26.0615,96.7969,0.9894,0.9915,0.9932,78.5403,90.9538,97.3599
2004-03-07,1302603,200410,22.9578,25.1928,29.0587,1.7241,7.7523,27.9394,62.0184,0.9875,0.9913,0.9936,71.7486,88.5355,98.0691
2004-03-08,1302603,200410,23.293,25.1577,27.7914,3.9708,9.5379,18.8428,76.3028,0.9893,0.9914,0.9934,79.1127,89.2986,96.8318
2004-03-09,1302603,200410,23.1758,25.5282,29.475,0.2712,4.279,19.2297,34.2316,0.9887,0.9913,0.9938,68.3403,87.8411,97.8589
2004-03-10,1302603,200410,23.8239,25.5039,27.763,0.1906,5.6706,13.4567,45.3646,0.9878,0.9913,0.9932,78.352,89.3345,95.6043
2004-03-11,1302603,200410,23.6879,25.7413,28.191,0.0038,4.2123,14.2171,33.6981,0.9862,0.9903,0.9927,76.5927,87.5256,95.5954
2004-03-12,1302603,200410,23.5389,25.9948,29.0736,0.9544,7.2478,18.4997,57.982,0.9866,0.9891,0.9912,75.6185,88.2679,97.6159
2004-03-13,1302603,200410,23.9868,24.9623,26.513,0.8238,11.0334,21.4711,88.267,0.987,0.9894,0.9919,85.6839,93.1895,96.9267
2004-03-14,1302603,200411,23.41,25.2596,28.098,0.0045,5.1863,22.1152,41.4901,0.9865,0.9901,0.9927,80.5858,90.3634,97.1921
2004-03-15,1302603,200411,23.5573,25.7564,29.1308,0.0023,3.2747,8.3969,26.1976,0.9856,0.9893,0.9916,75.2994,88.9644,96.932
2004-03-16,1302603,200411,24.0028,26.2205,29.3004,0.0249,3.2316,11.3432,25.8531,0.9855,0.9887,0.9907,72.309,86.7254,94.7426
2004-03-17,1302603,200411,23.5133,25.1061,27.0583,1.6625,5.9366,14.3648,47.4927,0.9863,0.9886,0.991,80.8334,91.5153,96.9218
2004-03-18,1302603,200411,23.4951,25.9388,29.4551,0.1299,2.3954,11.837,19.1634,0.9852,0.9882,0.9901,70.9466,87.5751,97.4979
2004-03-19,1302603,200411,23.9556,25.7676,27.8345,0.4697,13.013,26.7896,104.1039,0.9855,0.9886,0.9908,79.6987,89.6023,97.3704
2004-03-20,1302603,200411,24.2502,26.1306,28.8219,0.2666,5.1838,27.1404,41.4705,0.9851,0.9882,0.9904,80.137,88.5982,96.6001
2004-03-21,1302603,200412,23.9947,25.2337,27.5749,0.6565,6.6766,19.6913,53.4125,0.9857,0.9883,0.9903,82.4103,91.0892,96.0329
2004-03-22,1302603,200412,23.7132,24.7964,26.5434,1.5302,12.4965,21.0058,99.9718,0.9874,0.9891,0.9911,85.8572,92.9834,96.9918
2004-03-23,1302603,200412,23.5284,24.8445,26.8235,0.1451,4.8874,22.5681,39.099,0.9877,0.9901,0.992,86.3587,92.8889,97.7086
2004-03-24,1302603,200412,23.481,25.6459,29.3233,0.2428,3.207,7.0726,25.6561,0.9865,0.9898,0.9919,72.8752,88.816,97.5435
2004-03-25,1302603,200412,23.6332,24.9933,26.5674,1.772,8.7113,17.9296,69.6907,0.9866,0.989,0.9909,86.9211,93.0301,98.2253
2004-03-26,1302603,200412,23.6468,25.0096,27.2726,1.1721,9.5691,19.7868,76.5524,0.9853,0.9884,0.9907,83.0255,92.6244,97.9232
2004-03-27,1302603,200412,23.286,24.1599,25.2743,3.3047,19.5793,47.7878,156.6342,0.9865,0.9883,0.9902,91.4452,95.4756,97.45
2004-03-28,1302603,200413,22.9947,24.5114,27.6276,3.1154,18.974,56.9013,151.7924,0.9856,0.9885,0.9908,77.2506,92.38,98.3943
2004-03-29,1302603,200413,23.4283,25.9,29.6864,0.5425,3.5929,22.2195,28.7431,0.9868,0.9892,0.9914,70.0517,84.6265,96.1758
2004-03-30,1302603,200413,24.3024,25.8276,27.4736,0.5093,5.4013,14.8767,43.2106,0.9884,0.9911,0.994,80.174,87.9255,94.3168
2004-03-31,1302603,200413,23.3513,25.8112,29.3813,0.6994,4.3688,15.3261,34.9504,0.9881,0.9911,0.9933,74.7198,88.7671,97.6983
2004-04-01,1302603,200413,23.4378,26.4169,31.2768,0.001,1.4235,5.2508,11.3879,0.9867,0.9897,0.9918,65.6309,85.7052,97.1993
2004-04-02,1302603,200413,23.8622,26.2449,29.5376,0.0074,4.2473,8.9837,33.9783,0.9876,0.9896,0.9914,72.1454,87.7961,97.5157
2004-04-03,1302603,200413,23.7218,26.2441,29.9855,0.0029,2.6381,9.5815,21.1047,0.9864,0.9894,0.9918,71.1183,86.8483,95.9956
2004-04-04,1302603,200414,23.5361,25.5556,27.3535,0.4404,6.4506,15.0847,51.6045,0.988,0.9901,0.9929,82.8202,90.2451,97.8179
2004-04-05,1302603,200414,24.0271,25.869,28.4458,0.0383,5.3145,15.1775,42.5159,0.9879,0.991,0.9933,80.7777,88.947,96.2856
2004-04-06,1302603,200414,24.1733,25.6923,28.6039,0.0015,4.852,12.8113,38.8157,0.9877,0.9906,0.9929,76.0878,89.7793,96.7015
2004-04-07,1302603,200414,23.5579,26.1894,30.221,0.0,1.8762,9.8798,15.01,0.9867,0.9891,0.9918,69.1321,87.3762,98.548
2004-04-08,1302603,200414,24.2445,26.5694,29.9136,0.0334,1.5006,6.4798,12.0047,0.9864,0.9893,0.9915,74.9751,86.7695,96.1532
2004-04-09,1302603,200414,24.8688,26.976,30.3268,0.0007,2.8133,6.4903,22.5065,0.9857,0.989,0.9918,68.3228,85.1529,93.7405
2004-04-10,1302603,200414,24.1502,26.3868,28.331,0.4122,7.8799,17.0527,63.0392,0.9848,0.9881,0.9906,79.5281,87.9104,96.8525
2004-04-11,1302603,200415,23.8306,24.4929,25.7916,0.6124,17.172,41.7203,137.3763,0.9863,0.9875,0.9893,90.5939,95.3438,97.8258
2004-04-12,1302603,200415,23.0128,25.0237,27.8258,6.4937,15.6251,54.2586,125.0011,0.9861,0.9882,0.9899,76.1119,90.1135,98.6742
2004-04-13,1302603,200415,23.6287,26.5856,30.5748,0.1471,2.1766,12.1852,17.4127,0.9858,0.9889,0.9917,65.5597,83.3817,96.8638
2004-04-14,1302603,200415,24.3254,26.2431,29.0788,0.0261,4.7526,9.5075,38.0208,0.9849,0.9888,0.9912,75.2855,89.0807,95.9307
2004-04-15,1302603,200415,23.5216,24.9248,26.6638,2.3305,21.769,39.2041,174.1517,0.9867,0.9889,0.9911,86.7692,93.1496,97.6717
2004-04-16,1302603,200415,23.6558,24.9709,26.9189,3.7333,13.8047,42.3292,110.4373,0.9878,0.9897,0.9922,84.9188,93.7291,98.4178
2004-04-17,1302603,200415,23.4639,25.5249,29.0396,0.3844,6.2245,17.2083,49.7962,0.9879,0.9904,0.9923,75.1424,89.5162,97.2629
2004-04-18,1302603,200416,23.5293,25.0797,26.8277,0.1302,8.5149,14.5091,68.1189,0.9889,0.9913,0.9937,82.0259,91.663,97.5757
2004-04-19,1302603,200416,23.4865,25.2023,28.5446,0.112,4.1359,14.7986,33.0869,0.9879,0.9906,0.9925,78.7972,91.9646,98.5046
2004-04-20,1302603,200416,23.4983,25.3939,28.5501,0.7978,3.8587,9.3967,30.8695,0.9858,0.9896,0.9918,79.005,90.8103,97.1097
2004-04-21,1302603,200416,23.9478,25.8335,28.5404,0.0006,3.4448,9.4623,27.558,0.9866,0.9887,0.9908,75.0487,87.8819,94.9776
2004-04-22,1302603,200416,23.5741,24.943,25.9103,0.0917,11.7046,28.2364,93.6367,0.9879,0.9897,0.9923,88.5558,92.4425,97.4661
2004-04-23,1302603,200416,22.8666,24.5103,27.2156,3.2126,14.31,31.3222,114.4799,0.9869,0.9899,0.9917,81.6469,92.6201,98.2844
2004-04-24,1302603,200416,23.1131,24.9225,27.5026,0.1217,5.9919,20.1802,47.9354,0.9869,0.9893,0.9911,80.7214,90.3867,96.6813
2004-04-25,1302603,200417,22.9702,25.0428,28.3426,0.024,2.5274,9.104,20.219,0.9881,0.9907,0.9932,78.3785,89.5136,96.8597
2004-04-26,1302603,200417,23.1246,25.4518,28.4532,0.8394,2.6166,5.9289,20.9325,0.9885,0.9907,0.9931,73.716,87.8562,97.6127
2004-04-27,1302603,200417,23.2226,25.8435,29.4243,0.3765,2.999,6.0755,23.9923,0.988,0.991,0.9933,70.059,86.7148,96.6268
2004-04-28,1302603,200417,24.1269,26.583,30.531,0.0988,1.5359,5.9619,12.2874,0.9882,0.9908,0.9929,66.8772,85.1496,95.2167
2004-04-29,1302603,200417,23.2852,25.38,27.8552,1.2628,6.7676,12.4541,54.1406,0.9888,0.9913,0.9935,81.3584,90.1848,97.8354
2004-04-30,1302603,200417,23.3596,25.9331,30.2843,0.6943,2.9777,13.2442,23.8218,0.9856,0.9898,0.9927,65.4289,85.253,97.5183
2004-05-01,1302603,200417,24.3902,26.3198,28.4872,0.0055,3.7553,12.1736,30.0422,0.9849,0.9881,0.9907,75.0947,84.1138,92.2046
2004-05-02,1302603,200418,23.5407,26.1242,29.0146,0.0062,4.6729,12.3526,37.3834,0.9854,0.9884,0.9911,73.2949,87.255,97.7707
2004-05-03,1302603,200418,23.6512,26.042,28.199,1.9317,6.2127,11.1618,49.7015,0.9868,0.9894,0.9916,76.5446,87.4507,96.6076
2004-05-04,1302603,200418,23.7502,25.8553,28.2645,0.0614,3.4022,11.763,27.2175,0.988,0.9904,0.9923,78.8904,88.044,97.2821
2004-05-05,1302603,200418,23.9538,25.6416,28.2336,0.0004,4.3354,8.1376,34.6831,0.9886,0.9909,0.9935,76.763,88.5756,95.7383
2004-05-06,1302603,200418,23.3268,24.1008,24.8256,2.1129,11.2112,20.4778,89.6896,0.9905,0.9918,0.9938,92.9241,95.6799,98.0719
2004-05-07,1302603,200418,22.9945,24.6745,27.0843,0.5003,6.6506,21.7499,53.2048,0.9901,0.9925,0.9943,81.9538,93.0074,98.2067
2004-05-08,1302603,200418,23.3243,24.7153,26.8555,2.7525,7.261,11.5537,58.0881,0.9897,0.9924,0.9944,82.1977,91.8119,97.0704
2004-05-09,1302603,200419,23.1765,24.1776,26.0243,3.0615,12.3829,21.1647,99.0635,0.9893,0.9919,0.9936,90.0985,94.8235,97.8673
2004-05-10,1302603,200419,23.2,25.4543,28.6154,1.3435,5.3417,21.4969,42.7338,0.988,0.9909,0.9926,74.8161,88.4704,97.4995
2004-05-11,1302603,200419,23.8008,25.9081,28.6329,0.6562,6.1723,13.3204,49.3786,0.9874,0.9904,0.9923,75.9163,88.176,97.1604
2004-05-12,1302603,200419,23.1084,25.4935,28.3563,1.8695,6.6201,13.5647,52.9605,0.9874,0.9905,0.9927,76.3631,88.8422,98.5496
2004-05-13,1302603,200419,23.7857,26.0046,28.6099,0.4587,3.1218,8.5736,24.9741,0.9868,0.9893,0.9913,75.1075,87.6724,97.5699
2004-05-14,1302603,200419,23.5065,26.0938,30.1045,0.0002,1.5238,8.5818,12.1907,0.9858,0.9889,0.991,66.319,86.3448,97.4114
2004-05-15,1302603,200419,23.8851,26.1416,28.5352,0.1038,1.9302,5.6946,15.4419,0.9853,0.9889,0.9907,75.2763,86.58,96.3571
2004-05-16,1302603,200420,24.1388,26.2731,28.792,0.1004,4.2056,8.1497,33.6447,0.9872,0.9893,0.9914,75.7413,87.0242,94.9661
2004-05-17,1302603,200420,23.5619,25.0397,27.7011,2.3387,6.4869,10.975,51.8951,0.9883,0.9901,0.9917,78.7106,91.1067,97.1859
2004-05-18,1302603,200420,23.2637,24.5313,26.88,0.4176,7.9619,12.4835,63.6953,0.988,0.9906,0.9928,80.559,92.087,97.9403
2004-05-19,1302603,200420,23.1543,25.2735,27.622,1.1837,4.7249,12.1612,37.7993,0.9893,0.9914,0.9932,78.865,88.6149,97.3911
2004-05-20,1302603,200420,23.6179,24.8921,26.4997,0.0471,7.6576,16.5631,61.2606,0.9908,0.9929,0.9948,84.6431,90.9381,96.0458
2004-05-21,1302603,200420,22.9587,24.8734,28.3442,0.7202,4.6781,17.5909,37.4247,0.9898,0.9924,0.9944,74.8664,90.8424,98.7666
2004-05-22,1302603,200420,22.6644,24.907,28.073,1.3394,3.9632,11.5773,31.7058,0.989,0.9918,0.9938,75.086,89.359,97.0924
2004-05-23,1302603,200421,22.9998,25.3368,28.8992,0.1068,2.4851,7.3017,19.8806,0.9886,0.9913,0.9938,73.2234,88.1414,97.9265
2004-05-24,1302603,200421,23.5695,26.0052,29.8926,0.0,1.0578,7.3188,8.4622,0.9881,0.9917,0.9934,71.765,85.8054,95.94
2004-05-25,1302603,200421,23.7344,26.5827,29.2584,0.011,1.0923,3.9911,8.7381,0.9881,0.991,0.993,69.6642,82.9439,95.1946
2004-05-26,1302603,200421,23.3144,25.8107,29.0629,0.1986,2.3192,6.6669,18.554,0.9888,0.9913,0.993,72.6318,86.102,96.0027
2004-05-27,1302603,200421,23.1234,25.5812,28.6187,0.0934,2.8171,6.8174,22.5369,0.9888,0.9915,0.9933,73.2693,86.9516,96.7681
2004-05-28,1302603,200421,23.2913,24.6561,26.6741,0.48,9.1493,16.8011,73.1944,0.9899,0.9921,0.9941,82.3595,90.6722,97.2469
2004-05-29,1302603,200421,22.7665,24.4379,26.9245,2.0484,8.3518,17.6481,66.8146,0.9905,0.9925,0.9943,78.7406,90.7589,97.6715
2004-05-30,1302603,200422,22.4471,24.0625,26.536,0.2164,6.071,12.4387,48.5678,0.9906,0.9931,0.9954,79.2632,91.194,97.4839
2004-05-31,1302603,200422,22.0354,23.6326,26.2086,5.2579,11.1258,15.1306,89.0064,0.9897,0.9932,0.9952,80.5658,91.5791,98.1316
2004-06-01,1302603,200422,21.9527,24.5025,28.3546,0.0439,2.6485,15.1487,21.188,0.9889,0.9916,0.9934,71.1301,87.9783,97.8573
2004-06-02,1302603,200422,22.6737,24.7184,27.7586,0.002,2.364,9.0642,18.9119,0.9897,0.9919,0.9936,76.9884,87.9248,96.0277
2004-06-03,1302603,200422,22.6105,24.6743,27.1669,0.0008,3.1258,9.0834,25.0066,0.9901,0.9932,0.9949,78.999,89.1948,97.9751
2004-06-04,1302603,200422,22.7174,24.3435,26.4951,0.1567,7.4808,16.4281,59.8463,0.99,0.993,0.995,83.4049,91.3255,97.4884
2004-06-05,1302603,200422,22.6049,24.4348,26.9987,0.1025,2.7456,16.8549,21.9649,0.9886,0.9918,0.9937,77.508,89.8989,97.5542
2004-06-06,1302603,200423,23.2776,24.9683,26.984,0.0673,2.4863,7.1132,19.8906,0.9895,0.9916,0.9937,79.0766,87.6734,94.3858
2004-06-07,1302603,200423,23.28,25.4238,28.0155,0.0966,1.8226,7.2507,14.5806,0.9898,0.9926,0.9945,75.6811,86.611,96.6647
2004-06-08,1302603,200423,22.9969,24.68,26.6296,0.0013,3.3052,9.6258,26.4418,0.9905,0.9929,0.9949,81.7871,88.4867,95.1667
2004-06-09,1302603,200423,22.7959,25.2619,28.7149,0.0683,1.6923,9.6873,13.5384,0.9892,0.9928,0.9945,70.3465,87.2299,97.1253
2004-06-10,1302603,200423,23.4722,25.5418,27.7429,0.0092,1.8077,5.0163,14.4614,0.9897,0.9923,0.9947,75.3939,85.7078,94.6106
2004-06-11,1302603,200423,23.3135,25.3749,27.6423,0.0892,2.9575,7.189,23.6603,0.9913,0.9935,0.9955,76.0876,86.4908,94.7666
2004-06-12,1302603,200423,23.0241,25.9391,30.0341,0.16,1.2325,7.2399,9.86,0.9917,0.9944,0.9961,68.6591,85.5429,96.6783
2004-06-13,1302603,200424,23.3251,25.9173,29.0135,0.0101,0.6997,3.5123,5.5972,0.9917,0.9941,0.9957,69.1554,84.0762,95.0441
2004-06-14,1302603,200424,22.4701,24.8881,28.1484,3.8186,6.7558,9.0231,54.0465,0.9909,0.9941,0.9959,70.5054,86.4608,97.3849
2004-06-15,1302603,200424,22.4813,25.1065,28.0226,0.1697,2.2124,9.8146,17.699,0.9909,0.9936,0.9953,72.0371,85.9368,97.0509
2004-06-16,1302603,200424,22.6084,24.673,27.4171,0.9239,3.0395,8.2995,24.3158,0.9908,0.9932,0.9954,79.0023,90.1572,97.6104
2004-06-17,1302603,200424,22.7123,24.6587,27.0791,2.5138,9.5624,13.986,76.4995,0.9902,0.993,0.9948,78.025,90.0185,97.6988
2004-06-18,1302603,200424,23.2421,25.3919,28.1075,0.9484,5.1794,14.4228,41.4349,0.9905,0.9932,0.9951,76.0282,88.4937,96.8689
2004-06-19,1302603,200424,22.9417,24.6583,26.6837,1.6177,6.5184,12.1691,52.1472,0.9916,0.994,0.9962,82.5202,91.2703,97.2588
2004-06-20,1302603,200425,23.0291,24.6489,26.9113,0.0004,6.733,13.3614,53.8638,0.9903,0.9934,0.9952,82.2979,90.2571,96.5727
2004-06-21,1302603,200425,22.8177,25.5785,29.3606,0.3188,2.3844,13.6699,19.0751,0.989,0.9924,0.9944,65.9873,85.2599,96.5144
2004-06-22,1302603,200425,23.1437,25.4341,27.3476,0.1587,9.26,17.3889,74.08,0.99,0.993,0.9954,79.856,88.0499,95.7571
2004-06-23,1302603,200425,22.9818,25.4849,28.347,1.047,4.2433,17.5847,33.9465,0.9902,0.9931,0.9949,73.8656,87.211,97.0111
2004-06-24,1302603,200425,22.8865,25.5613,28.4248,0.3134,1.9374,5.9307,15.4993,0.9885,0.9925,0.9947,71.9571,86.3562,96.876
2004-06-25,1302603,200425,23.0801,25.6789,29.0307,0.0939,1.7304,4.5536,13.8433,0.9882,0.9912,0.9932,68.955,85.8579,96.5507
2004-06-26,1302603,200425,23.1143,25.3299,28.1516,0.0652,1.5398,4.7456,12.3183,0.9886,0.9912,0.9927,73.8553,86.9428,96.356
2004-06-27,1302603,200426,23.0837,25.2688,27.753,0.0568,2.2529,6.4271,18.0231,0.9892,0.9916,0.9937,76.8979,87.4453,95.9054
2004-06-28,1302603,200426,22.9465,25.4352,29.0318,0.0086,2.1586,6.44,17.2687,0.9892,0.9919,0.9939,71.3651,87.3276,96.9478
2004-06-29,1302603,200426,23.0112,24.7889,26.7382,0.0378,4.7451,11.845,37.9612,0.9891,0.9916,0.9933,81.9732,90.682,97.5975
2004-06-30,1302603,200426,22.7832,24.8656,27.238,0.1737,5.2534,12.4173,42.0273,0.9894,0.9917,0.9934,80.5397,89.4177,97.0852
2004-07-01,1302603,200426,22.6794,25.2996,28.4959,0.05,2.31,13.8283,18.48,0.9888,0.992,0.9941,71.7279,87.4414,97.9305
2004-07-02,1302603,200426,22.9175,25.1302,27.4688,0.1658,2.6224,8.5844,20.9792,0.9888,0.9912,0.9929,78.8431,88.5401,97.174
2004-07-03,1302603,200426,22.654,25.145,28.3182,0.3544,3.9764,9.5163,31.8113,0.9882,0.9912,0.9931,71.2986,87.4446,97.8308
2004-07-04,1302603,200427,22.6702,25.4095,28.9752,0.0314,1.5702,5.9554,12.5616,0.9881,0.9912,0.9928,69.4423,86.6323,97.5084
2004-07-05,1302603,200427,23.4307,25.5832,29.3301,0.1417,1.5618,5.5037,12.4941,0.9901,0.9917,0.9937,68.4399,86.3106,96.3189
2004-07-06,1302603,200427,22.9024,24.6776,27.5554,0.1618,6.2953,14.5628,50.3621,0.9902,0.9926,0.9946,81.885,90.2861,96.3812
2004-07-07,1302603,200427,22.273,24.5727,27.6144,0.0212,2.3997,15.4669,19.1978,0.9872,0.9911,0.9927,76.9233,90.5034,97.2994
2004-07-08,1302603,200427,22.556,25.4205,29.2618,0.0208,0.547,2.118,4.376,0.9883,0.9905,0.9922,67.432,85.4928,96.5033
2004-07-09,1302603,200427,23.058,25.2388,27.839,0.0014,1.6814,5.2382,13.4514,0.988,0.9902,0.9916,75.8746,86.516,95.499
2004-07-10,1302603,200427,22.9172,25.6881,29.4224,0.0686,1.0835,5.3029,8.668,0.9879,0.9903,0.9917,64.9389,84.435,96.348
2004-07-11,1302603,200428,22.9754,25.6062,28.5853,0.1316,3.3358,7.4468,26.6863,0.9878,0.9907,0.9924,75.6222,86.2084,94.5602
2004-07-12,1302603,200428,22.897,25.3588,28.4945,0.098,2.1239,7.4562,16.9912,0.9872,0.9901,0.9925,74.6136,86.8743,96.8285
2004-07-13,1302603,200428,22.6352,24.6986,27.1203,0.1674,6.1174,10.5952,48.9391,0.9884,0.9903,0.9922,79.7489,89.7093,97.4274
2004-07-14,1302603,200428,23.2839,25.0791,27.9668,0.2336,3.258,10.7886,26.0644,0.9883,0.9904,0.9921,75.7394,88.6713,96.7487
2004-07-15,1302603,200428,23.0504,25.4578,29.2644,0.2219,2.1309,7.6372,17.0471,0.9878,0.9907,0.9922,68.4994,87.8404,97.4883
2004-07-16,1302603,200428,22.6287,24.6612,27.5623,0.2635,5.6864,13.5073,45.4912,0.9898,0.9919,0.9943,83.06,90.9595,96.7516
2004-07-17,1302603,200428,22.4206,24.951,28.3152,0.0529,2.2763,15.8576,18.2107,0.9897,0.9926,0.9942,73.4963,88.525,97.8226
2004-07-18,1302603,200429,22.6326,24.2928,26.7278,1.6459,7.153,11.9143,57.2238,0.9914,0.9936,0.9956,82.0819,90.2259,96.4594
2004-07-19,1302603,200429,22.3911,24.3838,27.9038,0.3434,3.944,13.3013,31.5518,0.9913,0.9937,0.9953,72.7873,89.8067,98.0094
2004-07-20,1302603,200429,22.7043,24.3693,26.3829,1.4415,5.322,10.3916,42.5759,0.9908,0.9933,0.9954,80.0344,89.9721,96.8634
2004-07-21,1302603,200429,22.3604,24.3222,26.9051,0.0765,5.2006,12.9359,41.6047,0.99,0.9927,0.9945,80.878,90.3239,97.1927
2004-07-22,1302603,200429,22.4555,24.5427,27.1543,0.3132,4.1298,14.0382,33.0382,0.989,0.9916,0.9934,80.2708,89.579,97.4258
2004-07-23,1302603,200429,22.455,24.745,28.0832,0.0281,1.9518,10.0763,15.6144,0.9891,0.9912,0.9929,73.3226,87.9252,97.1383
2004-07-24,1302603,200429,22.3824,24.8516,27.75,0.1439,1.3836,3.7564,11.0687,0.9895,0.992,0.9938,76.718,87.501,96.4576
2004-07-25,1302603,200430,22.671,25.4462,29.5084,0.0612,0.8362,3.771,6.6895,0.9885,0.9918,0.9934,71.4562,86.8242,97.2959
2004-07-26,1302603,200430,22.9536,25.774,29.7831,0.9155,2.2877,3.5575,18.3018,0.9895,0.9919,0.9937,66.8055,85.4247,95.6075
2004-07-27,1302603,200430,22.82,25.4296,28.8375,0.5279,2.0156,3.7123,16.125,0.9894,0.9926,0.9946,70.5683,85.2249,94.2395
2004-07-28,1302603,200430,22.8407,25.8917,29.5574,0.2723,0.7282,3.0715,5.8258,0.9892,0.9916,0.9933,63.7718,82.987,96.4385
2004-07-29,1302603,200430,23.2566,26.2979,29.94,0.0,0.1727,0.781,1.3816,0.9893,0.9913,0.9929,59.9819,80.451,93.2805
2004-07-30,1302603,200430,23.2459,26.4038,30.1195,0.0,0.2266,1.1694,1.8131,0.99,0.9922,0.994,64.3335,81.754,95.484
2004-07-31,1302603,200430,23.0186,26.0324,29.6171,0.0082,0.3206,1.2631,2.5645,0.9904,0.9931,0.9949,65.4649,83.2247,95.5722
